Железная кирка;1
Земля;1
Камень;0
Железный меч;0
Гриб;0
Железный кинжал;0
Железный молот;0
Факел;0
Древесина;1
Железный топор;0
Железная руда;1
Медная руда;1
Золотая руда;1
Серебряная руда;1
Медные карманные часы;3
Серебряные наручные часы;3
Золотые наручные часы;3
Глубиномер;0
Золотой слиток;0
Медный слиток;0
Серебряный слиток;0
Железный слиток;0
Гель;0
Деревянный меч;0
Деревянная дверь;1
Каменная стена;1
Жёлудь;0
Малое лечебное зелье;2
Кристалл жизни;0
Каменная стена;1
Банка;1
Деревянный стол;0
Печь;1
Деревянный стул;0
Железная наковальня;1
Верстак;0
Очки;3
Линза;1
Деревянный лук;0
Деревянная стрела;1
Поджигающая стрела;1
Сюрикен;0
Подозрительно выглядящий глаз;0
Демонический лук;0
Боевой топор ночи;0
«Бич света»;0
Нечестивая стрела;1
Сундук;0
Браслет восстановления;0
Магическое зеркало;2
Шутовская стрела;1
Статуя ангела;1
Облако в банке;2
Сапоги Гермеса;3
Заколдованный бумеранг;0
Демонитовая руда;1
Демонитовый слиток;0
Сердце;2
Семена порчи;3
Мерзкий гриб;0
Чёрный камень;0
Семена травы;3
Подсолнух;0
Мерзкая колючка;1
«Звёздная ярость»;1
Очищающий порошок;0
Мерзкий порошок;0
Гниль;1
Зуб червя;0
Корм для червя;0
Медная монета;1
Серебряная монета;1
Золотая монета;1
Платиновая монета;1
Упавшая звезда;1
Медные ботинки;3
Железные ботинки;3
Серебряные ботинки;3
Золотые ботинки;3
Медная кольчуга;1
Железная кольчуга;1
Серебряная кольчуга;1
Золотая кольчуга;1
Крюк-кошка;0
Цепь;1
Чешуйка тьмы;1
Свинья-копилка;1
Каска шахтёра;1
Медный шлем;0
Железный шлем;0
Серебряный шлем;0
Золотой шлем;0
Деревянная стена;1
Деревянная платформа;1
Кремнёвый пистолет;0
Мушкет;0
Мушкетная пуля;1
«Мини-акула»;1
Железный лук;0
Теневые ботинки;3
Теневой нагрудник;0
Теневой шлем;0
Кошмарная кирка;1
Разрушитель;0
Свеча;1
Медная люстра;1
Серебряная люстра;1
Золотая люстра;1
Кристалл маны;0
Малое зелье маны;2
Браслет звёздной силы;0
Огненный цветок;0
Волшебная ракета;1
Жезл земли;0
Теневая сфера;1
Метеорит;0
Метеоритный слиток;0
Крюк;0
Пламеранг;0
Литая ярость;1
Пламенный двуручник;0
Литая кирка;1
Метеорный шлем;0
Метеорный нагрудник;0
Метеорные ботинки;3
Банка с водой;1
Космическая пушка;1
Реактивные сапоги;3
Серый кирпич;0
Серая кирпичная стена;1
Красный кирпич;0
Красная кирпичная стена;1
Глина;1
Синий кирпич;0
Синяя кирпичная стена;1
Фонарь на цепи;0
Зелёный кирпич;0
Зелёная кирпичная стена;1
Розовый кирпич;0
Розовая кирпичная стена;1
Золотой кирпич;0
Золотая кирпичная стена;1
Серебряный кирпич;0
Стена из серебряного кирпича;1
Медный блок;0
Медная кирпичная стена;1
Шип;0
Водяная свеча;1
Книга;1
Паутина;1
Некрошлем;0
Некронагрудник;0
Некроботинки;3
Кость;1
Мурамаса;1
Кобальтовый щит;0
Водяной скипетр;0
Счастливая подкова;1
Блестящий красный шарик;0
Гарпун;0
Колючий шар;0
Шар боли;0
«Голубая луна»;1
Пистолет;0
«Водяной выстрел»;0
Бомба;1
Динамит;0
Граната;1
Песок;0
Стекло;2
Табличка;1
Пепел;0
Обсидиан;0
Адский камень;0
Слиток адского камня;0
Грязь;1
Сапфир;0
Рубин;0
Изумруд;0
Топаз;0
Аметист;0
Алмаз;0
Светящийся гриб;0
Звезда;1
Плющевой хлыст;0
Дыхательная трубка;1
Ласты;3
Лечебное зелье;2
Зелье маны;2
Травяной клинок;0
Шипастая чакра;1
Обсидиановый кирпич;0
Обсидиановый череп;0
Семена грибной травы;3
Семена травы джунглей;3
Деревянный молот;0
Звёздная пушка;1
Синий лазерный меч;0
Красный лазерный меч;0
Зелёный лазерный меч;0
Пурпурный лазерный меч;0
Белый лазерный меч;0
Жёлтый лазерный меч;0
Метеорный молотопор;0
Пустое ведро;2
Ведро воды;2
Ведро лавы;2
Роза джунглей;1
Жало;2
Лоза;0
Звериные когти;3
Браслет ветра;0
Посох выращивания;0
Кирпич адского камня;0
Подушка-пердушка;1
Кандалы;3
Литой молотопор;0
Огнеплеть;1
Бластер феникса;0
«Ярость солнца»;1
Адская кузня;1
Глиняный горшок;0
«Дар природы»;0
Кровать;1
Шёлк;0
Малое зелье восстановления;2
Зелье восстановления;2
Шляпа джунглей;1
Рубашка джунглей;1
Штаны джунглей;3
Литой шлем;0
Литой нагрудник;0
Литые ботинки;3
Метеоритная пуля;1
Липкая бомба;1
Чёрная линза;1
Солнечные очки;3
Шляпа волшебника;1
Цилиндр;0
Смокинг;0
Брюки;3
Соломенная шляпа;1
Кроличий капюшон;0
Шляпа водопроводчика;1
Рубашка водопроводчика;1
Штаны водопроводчика;3
Шляпа героя;1
Рубашка героя;1
Штаны героя;3
Аквариум;0
Шляпа археолога;1
Куртка археолога;1
Штаны археолога;3
Чёрные нитки;3
Зелёные нитки;3
Капюшон ниндзя;0
Куртка ниндзя;1
Штаны ниндзя;3
Кожа;1
Красная шляпа;1
Золотая рыбка;1
Мантия;1
Шапка робота;1
Золотая корона;1
Стрела адского огня;1
Песчаная пушка;1
Кукла вуду гида;1
Водолазный шлем;0
Знакомая рубашка;1
Знакомые брюки;3
Знакомый парик;0
«Демоническая коса»;1
«Грань ночи»;1
Копьё тьмы;2
Коралл;0
Кактус;0
Трезубец;0
Серебряная пуля;1
Метательный нож;0
Копьё;2
Духовая трубка;1
Светящаяся палочка;1
Семя;2
Деревянный бумеранг;0
Эглет;0
Липкая светящаяся палочка;1
Отравленный нож;0
Зелье обсидиановой кожи;2
Зелье регенерации;2
Зелье скорости;2
Зелье водного дыхания;2
Зелье железной кожи;2
Зелье регенерации маны;2
Зелье магической силы;2
Зелье пёрышка;2
Зелье спелеолога;2
Зелье невидимости;2
Зелье света;2
Зелье ночного зрения;2
Боевое зелье;2
Зелье шипов;2
Зелье хождения по воде;2
Зелье лучника;2
Зелье охотника;2
Зелье гравитации;2
Золотой сундук;0
Семена днецвета;3
Семена луносвета;3
Семена мерцающего корня;3
Семена смертеросли;3
Семена воднолиста;3
Семена огнецвета;3
Днецвет;0
Луносвет;0
Мерцающий корень;0
Смертеросль;1
Воднолист;0
Огнецвет;0
Акулий плавник;0
Перо;2
Надгробная плита;1
Маска мима;1
Челюсть муравьиного льва;1
Нелегальные части оружия;3
Рубашка доктора;1
Штаны доктора;3
Золотой ключ;0
Теневой сундук;0
Теневой ключ;0
Обсидиановая кирпичная стена;1
Споры джунглей;3
Ткацкий станок;0
Пианино;2
Комод;0
Скамья;1
Ванна;1
Красное знамя;2
Зелёное знамя;2
Синее знамя;2
Жёлтое знамя;2
Фонарный столб;0
Полинезийский факел;0
Бочка;1
Китайский фонарь;0
Котелок;0
Сейф;0
Череп-фонарь;0
Мусорный бак;0
Подсвечник;0
Розовая ваза;1
Кружка;1
Кег;0
Эль;0
Книжный шкаф;0
Трон;0
Миска;1
Миска супа;1
Унитаз;0
Напольные часы;3
Статуя доспехов;1
Боевое знамя гоблинов;2
Порванная ткань;1
Лесопилка;1
Кобальтовая руда;1
Мифриловая руда;1
Адамантитовая руда;1
Святой молот;0
Экскалибур;0
Освящённые семена;3
Чёрный песок;0
Кобальтовая шляпа;1
Кобальтовый шлем;0
Кобальтовая маска;1
Кобальтовый нагрудник;0
Кобальтовые ботинки;3
Мифриловый капюшон;0
Мифриловый шлем;0
Мифриловая шляпа;1
Мифриловая кольчуга;1
Мифриловые ботинки;3
Кобальтовый слиток;0
Мифриловый слиток;0
Кобальтовая бензопила;1
Мифриловая бензопила;1
Кобальтовый бур;0
Мифриловый бур;0
Адамантитовая бензопила;1
Адамантитовый бур;0
«Дао Пуха»;0
Мифриловая алебарда;1
Адамантитовый слиток;0
Стеклянная стена;1
Компас;0
Водолазное снаряжение;2
GPS;0
Обсидиановая подкова;0
Обсидиановый щит;0
Мастерская инженера;1
Облако в шарике;2
Адамантитовый наголовник;0
Адамантитовый шлем;0
Адамантитовая маска;1
Адамантитовый нагрудник;0
Адамантитовые ботинки;3
Призрачные сапоги;3
Адамантитовая глефа;1
Пояс с инструментами;0
Жемчужный песок;0
Жемчужный камень;0
Рубашка шахтёра;1
Штаны шахтёра;3
Жемчужный кирпич;0
Переливчатый кирпич;0
Аргиллитовый кирпич;0
Кобальтовый кирпич;0
Мифриловый кирпич;0
Жемчужная кирпичная стена;1
Переливчатая кирпичная стена;1
Аргиллитовая кирпичная стена;1
Кобальтовая кирпичная стена;1
Мифриловая кирпичная стена;1
Святая вода;1
Нечестивая вода;1
Ил;0
Волшебный колокольчик;0
Клинок-разрушитель;0
Синий факел;0
Красный факел;0
Зелёный факел;0
Пурпурный факел;0
Белый факел;0
Жёлтый факел;0
Демонический факел;0
Заводная штурмовая винтовка;1
Кобальтовый самострел;0
Мифриловый самострел;0
Двойной крюк-кошка;0
Статуя звезды;1
Статуя меча;1
Статуя слизня;1
Статуя гоблина;1
Статуя щита;1
Статуя летучей мыши;1
Статуя рыбы;1
Статуя кролика;1
Статуя скелета;1
Статуя жнеца;1
Статуя женщины;1
Статуя беса;1
Статуя горгульи;1
Статуя сумрака;1
Статуя шершня;1
Статуя бомбы;1
Статуя краба;1
Статуя молота;1
Статуя зелья;1
Статуя копья;1
Статуя креста;1
Статуя медузы;1
Статуя лука;1
Статуя бумеранга;1
Статуя ботинка;1
Статуя сундука;1
Статуя птицы;1
Статуя топора;1
Статуя порчи;1
Статуя дерева;1
Статуя наковальни;1
Статуя кирки;1
Статуя гриба;1
Статуя глаза;1
Статуя колонны;1
Статуя сердца;1
Статуя горшка;1
Статуя подсолнуха;1
Статуя короля;1
Статуя королевы;1
Статуя пираньи;1
Дощатая стена;1
Деревянная балка;1
Адамантитовый самострел;0
Адамантитовый меч;0
Кобальтовый меч;0
Мифриловый меч;0
Амулет луны;0
Линейка;1
Хрустальный шар;0
Диско-шар;0
Эмблема мага;1
Эмблема воина;1
Эмблема лучника;1
Крылья демона;3
Крылья ангела;3
Магическая арфа;1
Радужный жезл;0
Ледяной жезл;0
Ракушка Нептуна;1
Манекен;0
Большое лечебное зелье;2
Большое зелье маны;2
Пыль пикси;1
Осколок кристалла;0
Шапка клоуна;1
Рубашка клоуна;1
Штаны клоуна;3
Огнемёт;0
Колокольчик;0
Арфа;1
Красный гаечный ключ;0
Кусачки;3
Активный каменный блок;0
Неактивный каменный блок;0
Рычаг;0
Лазерная винтовка;1
Кристальная пуля;1
Святая стрела;1
Магический кинжал;0
Кристальный шторм;0
Проклятый огонь;0
Эссенция света;1
Эссенция ночи;1
Проклятое пламя;2
Проклятый факел;0
Адамантитовая кузня;1
Мифриловая наковальня;1
Рог единорога;0
Тёмный осколок;0
Светлый осколок;0
Красная нажимная плита;1
Провод;0
Том заклинаний;0
Звёздный плащ;0
«Мегаакула»;1
Дробовик;0
Философский камень;0
Перчатка титана;1
Кобальтовая нагината;1
Переключатель;0
Ловушка с дротиком;1
Валун;0
Зелёная нажимная плита;1
Серая нажимная плита;1
Коричневая нажимная плита;1
Механический глаз;0
Проклятая стрела;1
Проклятая пуля;1
Эссенция ужаса;1
Эссенция могущества;1
Эссенция прозрения;1
Гунгнир;0
Освящённый нагрудник;0
Освящённые ботинки;3
Освящённый шлем;0
Крестик;0
Цветок маны;0
Механический червь;0
Механический череп;0
Освящённый наголовник;0
Освящённая маска;1
Корона слизня;1
Световой диск;0
Музыкальная шкатулка (День на поверхности);1
Музыкальная шкатулка (Жуть);1
Музыкальная шкатулка (Ночь);1
Музыкальная шкатулка (Заставка);1
Музыкальная шкатулка (Подземелье);1
Музыкальная шкатулка (Босс 1);1
Музыкальная шкатулка (Джунгли);1
Музыкальная шкатулка (Порча);1
Музыкальная шкатулка (Подземная порча);1
Музыкальная шкатулка (Освящение);1
Музыкальная шкатулка (Босс 2);1
Музыкальная шкатулка (Подземное освящение);1
Музыкальная шкатулка (Босс 3);1
Эссенция полёта;1
Музыкальная шкатулка;1
Демонитовый кирпич;0
Освящённый самострел;0
Тобур;0
Взрывчатка;1
Входной насос;0
Выходной насос;0
1-секундный таймер;0
3-секундный таймер;0
5-секундный таймер;0
Карамель;1
Карамельная стена;1
Шапка Санты;1
Куртка Санты;1
Штаны Санты;3
Зелёная карамель;1
Зелёная карамельная стена;1
Снег;0
Снежный кирпич;0
Снежная кирпичная стена;1
Синяя лампочка;1
Красная лампочка;1
Зелёная лампочка;1
Синий подарок;0
Зелёный подарок;0
Жёлтый подарок;0
Снежный шар;0
Морковка;1
Адамантитовая балка;1
Адамантитовая колонна;1
Демонитовая кирпичная стена;1
Песчаниковый кирпич;0
Песчаниковая кирпичная стена;1
Кирпич чёрного камня;0
Кирпичная стена чёрного камня;1
Красная штукатурка;1
Жёлтая штукатурка;1
Зелёная штукатурка;1
Серая штукатурка;1
Красная оштукатуренная стена;1
Жёлтая оштукатуренная стена;1
Зелёная оштукатуренная стена;1
Серая оштукатуренная стена;1
Эбеновая древесина;1
Красная древесина;1
Жемчужная древесина;1
Стена из эбенового дерева;1
Стена из красного дерева;1
Стена из жемчужного дерева;1
Сундук из эбенового дерева;0
Сундук из красного дерева;0
Сундук из жемчужного дерева;0
Стул из эбенового дерева;0
Стул из красного дерева;0
Стул из жемчужного дерева;0
Платформа из эбенового дерева;1
Платформа из красного дерева;1
Платформа из жемчужного дерева;1
Костяная платформа;1
Верстак из эбенового дерева;0
Верстак из красного дерева;0
Верстак из жемчужного дерева;0
Стол из эбенового дерева;0
Стол из красного дерева;0
Стол из жемчужного дерева;0
Пианино из эбенового дерева;2
Пианино с красного дерева;2
Пианино из жемчужного дерева;2
Кровать из эбенового дерева;1
Кровать из красного дерева;1
Кровать из жемчужного дерева;1
Комод из эбенового дерева;0
Комод из красного дерева;0
Комод из жемчужного дерева;0
Дверь из эбенового дерева;1
Дверь из красного дерева;1
Дверь из жемчужного дерева;1
Меч из эбенового дерева;0
Молот из эбенового дерева;0
Лук из эбенового дерева;0
Меч из красного дерева;0
Молот из красного дерева;0
Лук из красного дерева;0
Меч из жемчужного дерева;0
Молот из жемчужного дерева;0
Лук из жемчужного дерева;0
Радужный кирпич;0
Радужная кирпичная стена;1
Лёд;0
Крылья Red'а;3
Шлем Red'а;0
Нагрудник Red'а;0
Ботинки Red'а;3
Рыба;1
Ледяной бумеранг;0
Ключ-меч;0
Абордажная сабля;1
Верстак из северного дерева;0
Истинный Экскалибур;0
Истинная «Грань ночи»;1
Ледяной меч;0
Стол из северного дерева;0
Красное зелье;2
Боевой дробовик;0
Плющевой сундук;0
Ледовый сундук;0
Позвоночник;0
Нечестивый трезубец;0
Морозный шлем;0
Морозный нагрудник;0
Морозные ботинки;3
Оловянный шлем;0
Оловянная кольчуга;1
Оловянные ботинки;3
Свинцовый шлем;0
Свинцовая кольчуга;1
Свинцовые ботинки;3
Вольфрамовый шлем;0
Вольфрамовая кольчуга;1
Вольфрамовые ботинки;3
Платиновый шлем;0
Платиновая кольчуга;1
Платиновые ботинки;3
Оловянная руда;1
Свинцовая руда;1
Вольфрамовая руда;1
Платиновая руда;1
Оловянный слиток;0
Свинцовый слиток;0
Вольфрамовый слиток;0
Платиновый слиток;0
Оловянные карманные часы;3
Вольфрамовые карманные часы;3
Платиновые карманные часы;3
Оловянная люстра;1
Вольфрамовая люстра;1
Платиновая люстра;1
Платиновая свеча;1
Платиновый подсвечник;0
Платиновая корона;1
Свинцовая наковальня;1
Оловянный кирпич;0
Вольфрамовый кирпич;0
Платиновый кирпич;0
Оловянная кирпичная стена;1
Вольфрамовая кирпичная стена;1
Платиновая кирпичная стена;1
Лучевой меч;0
Ледяной клинок;0
Ледяной лук;0
Морозный посох;0
Деревянный шлем;0
Деревянный нагрудник;0
Деревянные ботинки;3
Шлем из эбенового дерева;0
Нагрудник из эбенового дерева;0
Ботинки из эбенового дерева;3
Шлем из красного дерева;0
Нагрудник из красного дерева;0
Ботинки из красного дерева;3
Шлем из жемчужного дерева;0
Нагрудник из жемчужного дерева;0
Ботинки из жемчужного дерева;3
Аметистовый посох;0
Топазовый посох;0
Сапфировый посох;0
Изумрудный посох;0
Рубиновый посох;0
Бриллиантовый посох;0
Травяная стена;1
Стена джунглей;1
Цветочная стена;1
Реактивный ранец;0
Крылья бабочки;3
Кактусовая стена;1
Облако;2
Облачная стена;1
Водоросли;3
Руническая шляпа;1
Руническая мантия;1
Грибное копьё;2
Клинок Земли;0
Гранатомёт;0
Ракетомёт;0
Миномёт;0
Крылья феи;3
Затвердевшая слизь;1
Плоть;1
Грибная стена;1
Дождевое облако;2
Кость;1
Замёрзшая слизь;1
Костяная стена;1
Слизевая стена;1
Стена из плоти;1
Ракета I;1
Ракета II;1
Ракета III;1
Ракета IV;1
Асфальт;0
Кобальтовая кирка;1
Мифриловая кирка;1
Адамантитовая кирка;1
Очизнитель;0
Зелёный раствор;0
Синий раствор;0
Пурпурный раствор;0
Тёмно-синий раствор;0
Красный раствор;0
Крылья гарпии;3
Костяные крылья;3
Грибомолот;0
Крапивный взрыв;0
Знамя анха;2
Знамя змеи;2
Знамя омеги;2
Багровый шлем;0
Багровый нагрудник;0
Багровые ботинки;3
Кровавый забиватель;0
Сухожильный лук;0
Дробильщик;0
Смертоносная кирка;1
Кровожадная громадина;1
Гробовщик;0
«Отбиватель»;0
Загнивающие вилы;3
Эскимосский капюшон;0
Эскимосское пальто;2
Эскимосские штаны;3
Стул из живого дерева;0
Кактусовый стул;0
Костяной стул;0
Стул из плоти;0
Грибной стул;0
Костяной верстак;0
Кактусовый верстак;0
Верстак из плоти;0
Грибной верстак;0
Слизневой верстак;0
Кактусовая дверь;1
Дверь из плоти;1
Грибная дверь;1
Дверь из живого дерева;1
Костяная дверь;1
Пламенные крылья;3
Ледяные крылья;3
Призрачные крылья;3
Солнечная плита;1
Закруглённая стена;1
Небесный стул;0
Костяной стол;0
Стол из плоти;0
Стол из живого дерева;0
Небесный стол;0
Сундук из живого дерева;0
Ветвь живого дерева;1
Пурпурный лёд;0
Розовый лёд;0
Красный лёд;0
Багровый камень;0
Небесная дверь;1
Небесный сундук;0
Стимпанк-шляпа;1
Стимпанк-куртка;1
Стимпанк-штаны;3
Пчелиная шапка;1
Пчелиная рубаха;1
Пчелиные штаны;3
Знамя мира;2
Знамя солнца;2
Знамя гравитации;2
Маска фараона;1
Актуатор;0
Синий гаечный ключ;0
Зелёный гаечный ключ;0
Синяя нажимная плита;1
Жёлтая нажимная плита;1
Дисконтная карта;1
Счастливая монета;1
Единорог на палке;0
Песчаная буря в банке;1
Диван из северного дерева;0
Пляжный мяч;0
Амулет мифов;0
Лунная ракушка;1
«Звёздная завеса»;1
Сапоги-водомерки;3
Диадема;0
Платье принцессы;2
Мантия фараона;1
Зелёная кепка;1
Шляпка гриба;1
Тэм-о-шентер;1
Маска мумии;1
Рубашка мумии;1
Штаны мумии;3
Ковбойская шляпа;1
Ковбойская куртка;1
Ковбойские штаны;3
Пиратская шляпа;1
Пиратская рубашка;1
Пиратские штаны;3
Шлем викинга;0
Багротановая руда;1
Кактусовый меч;0
Кактусовая кирка;1
Ледяной кирпич;0
Ледяная кирпичная стена;1
Лейкопластырь;0
Полироль для доспеха;0
Безоар;0
Повязка на глаза;1
Будильник;0
Мегафон;0
Назар;0
Витамины;3
Трижды сложенная карта;1
Кактусовый шлем;0
Кактусовый нагрудник;0
Кактусовые ботинки;3
Перчатка силы;1
Молниеносные сапоги;3
Солнечный камень;0
Лунный камень;0
Крепление для доспехов;2
Бактерицидный пластырь;0
План;0
Антисглазная мантра;1
Монетомёт;0
Амулет лавы;0
Обсидиановые сапоги-водомерки;3
Сапоги-лавоходы;3
Фонтан чистой воды;0
Фонтан пустынной воды;0
Мрачная древесина;1
Дверь из мрачного дерева;1
Платформа из мрачного дерева;1
Сундук из мрачного дерева;0
Стул из мрачного дерева;0
Верстак из мрачного дерева;0
Стол из мрачного дерева;0
Комод из мрачного дерева;0
Пианино из мрачного дерева;2
Кровать из мрачного дерева;1
Меч из мрачного дерева;0
Молот из мрачного дерева;0
Лук из мрачного дерева;0
Шлем из мрачного дерева;0
Нагрудник из мрачного дерева;0
Ботинки из мрачного дерева;3
Стена из мрачного дерева;1
Пушка;1
Пушечное ядро;2
Сигнальная ракетница;1
Сигнальная ракета;1
Костяная палочка;1
Листовая палочка;1
Ковёр-самолёт;0
Эмблема мстителя;1
Механическая перчатка;1
Наземная мина;1
Щит паладина;0
Пускатель паутины;0
Фонтан воды джунглей;0
Фонтан ледяной воды;0
Фонтан порченой воды;0
Фонтан багровой воды;0
Фонтан освящённой воды;0
Фонтан кровавой воды;0
Зонтик;0
Хлорофитовая руда;1
Стимпанк-крылья;3
Снежок;0
Фигурные коньки;3
Снежкомёт;0
Покрытый паутиной сундук;0
Альпинистские когти;3
Древний железный шлем;0
Древний золотой шлем;0
Древний теневой шлем;0
Древний теневой нагрудник;0
Древние теневые ботинки;3
Древний некрошлем;0
Древний кобальтовый шлем;0
Древний кобальтовый нагрудник;0
Древние кобальтовые ботинки;3
Чёрный пояс;0
Обрез;0
Верёвка;1
Костёр;0
Зефир;0
Зефир на палочке;0
Жареный зефир;0
Красная ракета;1
Зелёная ракета;1
Синяя ракета;1
Жёлтая ракета;1
Ледяной факел;0
Шипы на ботинки;3
Альпинистское снаряжение «тигра»;2
Таби;3
Розовый эскимосский капюшон;0
Розовое эскимосское пальто;2
Розовые эскимосские штаны;3
Розовые нитки;3
Браслет регенерации маны;0
Песчаная буря в шарике;1
Снаряжение мастера-ниндзя;2
Моток верёвки;0
Духовое ружьё;2
Снежная буря в банке;1
Обмораживающая стрела;1
Зачарованный меч;0
Топокирка;1
Кобальтовый боевой топор;0
Мифриловый боевой топор;0
Адамантитовый боевой топор;0
Кость Пожирателя;1
Асфальтомешалка;1
Мясорубка;1
Промывочная машина;1
Отвердитель;0
Янтарь;0
Хлопушка;1
Хлорофитовая маска;1
Хлорофитовый шлем;0
Хлорофитовый наголовник;0
Хлорофитовая кольчуга;1
Хлорофитовые ботинки;3
Хлорофитовый слиток;0
Красный краситель;0
Оранжевый краситель;0
Жёлтый краситель;0
Лаймовый краситель;0
Зелёный краситель;0
Сине-зелёный краситель;0
Циановый краситель;0
Голубой краситель;0
Синий краситель;0
Пурпурный краситель;0
Фиолетовый краситель;0
Розовый краситель;0
Чёрно-красный краситель;0
Чёрно-оранжевый краситель;0
Чёрно-жёлтый краситель;0
Чёрно-лаймовый краситель;0
Чёрно-зелёный краситель;0
Чёрно-сине-зелёный краситель;0
Чёрно-циановый краситель;0
Чёрно-голубой краситель;0
Чёрно-синий краситель;0
Чёрно-пурпурный краситель;0
Чёрно-фиолетовый краситель;0
Чёрно-розовый краситель;0
Пламенный краситель;0
Пламенно-чёрный краситель;0
Пламенно-зелёный краситель;0
Пламенно-зелёно-чёрный краситель;0
Пламенно-синий краситель;0
Пламенно-сине-чёрный краситель;0
Серебряный краситель;0
Ярко-красный краситель;0
Ярко-оранжевый краситель;0
Ярко-жёлтый краситель;0
Ярко-лаймовый краситель;0
Ярко-зелёный краситель;0
Ярко-сине-зелёный краситель;0
Ярко-циановый краситель;0
Ярко-голубой краситель;0
Ярко-синий краситель;0
Ярко-пурпурный краситель;0
Ярко-фиолетовый краситель;0
Ярко-розовый краситель;0
Чёрный краситель;0
Серебряно-красный краситель;0
Серебряно-оранжевый краситель;0
Серебряно-оранжевый краситель;0
Лаймовый и серебряный краситель;0
Зелёный и серебряный краситель;0
Серебряно-сине-зелёный краситель;0
Серебряно-циановый краситель;0
Серебряно-голубой краситель;0
Серебряно-синий краситель;0
Серебряно-пурпурный краситель;0
Серебряно-фиолетовый краситель;0
Серебряно-розовый краситель;0
Насыщенно-пламенный краситель;0
Насыщенно-пламенно-зелёный краситель;0
Насыщенно-пламенно-синий краситель;0
Радужный краситель;0
Насыщенно-радужный краситель;0
Градиент-жёлтый краситель;0
Градиент-циановый краситель;0
Градиент-фиолетовый краситель;0
Кисть;1
Валик;0
Красная краска;1
Оранжевая краска;1
Жёлтая краска;1
Лаймовая краска;1
Зелёная краска;1
Сине-зелёная краска;1
Циановая краска;1
Голубая краска;1
Синяя краска;1
Пурпурная краска;1
Фиолетовая краска;1
Розовая краска;1
Тёмно-красная краска;1
Тёмно-оранжевая краска;1
Тёмно-жёлтая краска;1
Тёмно-лаймовая краска;1
Тёмно-зелёная краска;1
Тёмно-сине-зелёная краска;1
Тёмно-циановая краска;1
Тёмно-голубая краска;1
Тёмно-синяя краска;1
Тёмно-пурпурная краска;1
Тёмно-фиолетовая краска;1
Тёмно-розовая краска;1
Чёрная краска;1
Белая краска;1
Серая краска;1
Шпатель;0
Ящщеровый кирпич;0
Ящщеровая кирпичная стена;1
Слякоть;1
Палладиевая руда;1
Орихалковая руда;1
Титановая руда;1
Сине-зелёный гриб;0
Зелёный гриб;0
Голубой цветок;0
Жёлтый бархатец;0
Ягоды голубики;3
Лаймовая ламинария;1
Розовая опунция;1
Оранжевая лапчатка;1
Красная шелуха;1
Циановая шелуха;1
Фиолетовая шелуха;1
Пурпурная слизь;1
Чернила;3
Красильная барка;1
Пчеломёт;0
Одержимый топорик;0
Пчеловод;0
Улей;0
Мёд;0
Стена улья;1
Хрустящий мёд;0
Ведро мёда;2
Палочка улья;1
Пчелоната;1
Сфера гравитации;1
Медовые соты;3
Пчелиная мерзость;1
Банка мёда;1
Шляпа от дождевика;1
Дождевик;0
Ящщеровая дверь;1
Дверь темницы;1
Свинцовая дверь;1
Железная дверь;1
Ключ от храма;0
Ящщеровый сундук;0
Ящщеровый стул;0
Ящщеровый стол;0
Ящщеровый верстак;0
Суперловушка с дротиком;1
Пламенная ловушка;1
Ловушка с шипами;1
Ловушка с копьём;1
Деревянный шип;0
Ящщеровая нажимная плита;1
Статуя ящщера;1
Статуя ящщера-наблюдателя;1
Статуя ящщера-стража;1
Осомёт;0
Пираньевая пушка;1
Посох пигмея;0
Ожерелье пигмея;2
Полинезийская маска;1
Полинезийский нагрудник;0
Полинезийские ботинки;3
Крылья из листьев;3
Снежная буря в шарике;1
Связка шариков;1
Крылья летучей мыши;3
Костяной меч;0
Жук-геркулес;0
Дымовая бомба;1
Костяной ключ;0
Нектар;0
Полинезийский тотем;0
Яйцо ящерицы;2
Могильная табличка;1
Могильный крест;0
Надгробие;2
Могильная плита;1
Обелиск;0
Листодув;0
Хлорофитовая пуля;1
Крекер для попугая;0
Странный светящийся гриб;0
Проросток;0
Блуждающий огонёк в банке;0
Палладиевый слиток;0
Палладиевый меч;0
Палладиевая алебарда;1
Палладиевый самострел;0
Палладиевая кирка;1
Палладиевый бур;0
Палладиевая бензопила;1
Орихалковый слиток;0
Орихалковый меч;0
Орихалковая алебарда;1
Орихалковый самострел;0
Орихалковая кирка;1
Орихалковый бур;0
Орихалковая бензопила;1
Титановый слиток;0
Титановый меч;0
Титановый трезубец;0
Титановый самострел;0
Титановая кирка;1
Титановый бур;0
Титановая бензопила;1
Палладиевая маска;1
Палладиевый шлем;0
Палладиевый наголовник;0
Палладиевый нагрудник;0
Палладиевые ботинки;3
Орихалковая маска;1
Орихалковый шлем;0
Орихалковый наголовник;0
Орихалковый нагрудник;0
Орихалковые ботинки;3
Титановая маска;1
Титановый шлем;0
Титановый наголовник;0
Титановый нагрудник;0
Титановые ботинки;3
Орихалковая наковальня;1
Титановая кузня;1
Палладиевый боевой топор;0
Орихалковый боевой топор;0
Титановый боевой топор;0
Освящённый слиток;0
Хлорофитовый клеймор;0
Хлорофитовая сабля;1
Хлорофитовый протазан;0
Хлорофитовый стреломёт;0
Хлорофитовая кирка;1
Хлорофитовый бур;0
Хлорофитовая бензопила;1
Хлорофитовый двуручный топор;0
Хлорофитовый боевой молот;0
Хлорофитовая стрела;1
Аметистовый крюк;0
Топазовый крюк;0
Сапфировый крюк;0
Изумрудный крюк;0
Рубиновый крюк;0
Алмазный крюк;0
Инклюз комара;0
Шапка-зонтик;1
Жезл тучи;0
Оранжевый факел;0
Багровый песок;0
Пчелиный плащ;0
Глаз Голема;0
Медовый шарик;0
Синяя подкова на шарике;1
Белая подкова на шарике;1
Жёлтая подкова на шарике;1
Замороженный черепаший панцирь;0
Снайперская винтовка;1
Магнум «Венера»;0
Багровый жезл;0
Багротановый слиток;0
«Стингер»;0
«Цветочек»;0
Радужная пушка;1
Болт «Стингера»;0
Хлорофитовый отбойный молоток;0
Телепорт;0
Морозный цветок;0
«Узи»;2
Магнитная сфера;1
Пурпурный витраж;0
Жёлтый витраж;0
Синий витраж;0
Зелёный витраж;0
Красный витраж;0
Разноцветный витраж;0
Рука Скелетрона;1
Череп;0
Шляпа громилы;1
Шляпа гангстера;1
Бескозырка;1
Глазная повязка;1
Тельняшка;1
Ботинки моряка;3
Маска Скелетрона;1
Аметистовая мантия;1
Топазовая мантия;1
Сапфировая мантия;1
Изумрудная мантия;1
Рубиновая мантия;1
Алмазная мантия;1
Белый смокинг;0
Белые брюки;3
Паническое ожерелье;2
Фрукт жизни;0
Ящщеровый алтарь;0
Ящщеровый элемент питания;0
Киркопила;1
Тепловой излучатель;0
Посох Земли;0
Кулак Голема;0
Водный сундук;0
Бинокль;0
Оптический прицел;0
Эмблема Разрушителя;1
Скорострельный патрон;1
Ожерелье медузы;2
Рука зомби;1
«Топор»;0
Ледяная коса;1
Кукла вуду портного;1
Отравляющий посох;0
Посох слизня;0
Отравленный дротик;0
Глаз на пружинке;0
Игрушечные сани;3
Книга черепов;1
Нокаутирующая пушка;1
Пиратская карта;1
Черепаший шлем;0
Черепаший нагрудник;0
Черепашьи ботинки;3
Снежная пушка;1
Костяная кирка;1
Магический колчан;0
Магматический камень;0
Обсидиановая роза;1
Бананоранг;0
Нож на цепи;0
Жезл раздора;0
Коса смерти;1
Черепаший панцирь;0
Образец ткани;0
Позвонок;0
Кровавый хребет;0
Ихор;0
Ихорный факел;0
Ихорная стрела;1
Ихорная пуля;1
«Золотой душ»;0
Кроличья пушка;1
Взрывокролик;0
Пузырёк с ядом;0
Флакон с ядом;0
Ядовитая стрела;1
Ядовитая пуля;1
Огненные перчатки;1
Шестерня;1
Конфетти;2
Наниты;3
Взрывоопасный порох;0
Золотой порошок;0
Праздничная пуля;1
Нано-пуля;1
Разрывная пуля;1
Золотая пуля;1
Флакон с проклятыми огнями;0
Флакон с огнём;0
Флакон с золотом;0
Флакон с ихором;0
Флакон с нанитами;0
Флакон с праздником;0
Флакон с отравой;0
Трофей Глаза Ктулху;0
Трофей Пожирателя миров;0
Трофей Мозга Ктулху;0
Трофей Скелетрона;0
Трофей королевы пчёл;0
Трофей Стены плоти;0
Трофей Уничтожителя;0
Трофей Скелетрона Прайма;0
Трофей Ретиназера;0
Трофей Спазматизма;0
Трофей Плантеры;0
Трофей Голема;0
«Восход кровавой луны»;0
«Висельник»;0
«Величие огня»;0
«Искорёженная кость»;1
Настенный скелет;0
Подвешенный скелет;0
Синяя плитка;1
Синяя облицовка;1
Розовая плитка;1
Розовая облицовка;1
Зелёная облицовка;1
Зелёная облицовка;1
Синяя кирпичная платформа;1
Розовая кирпичная платформа;1
Зелёная кирпичная платформа;1
Металлическая полка;1
Латунная полка;1
Деревянная полка;1
Латунный фонарь;0
Решётчатый фонарь;0
Переносной фонарь;0
Алхимический фонарь;0
Дьявольская лампа;0
Масляный подсвечник;0
Синий стул темницы;0
Синий стол темницы;0
Синий верстак темницы;0
Зелёный стул темницы;0
Зелёный стол темницы;0
Зелёный верстак темницы;0
Розовый стул темницы;0
Розовый стол темницы;0
Розовый верстак темницы;0
Синяя свеча темницы;1
Зелёная свеча темницы;1
Розовая свеча темницы;1
Синяя ваза темницы;1
Зелёная ваза темницы;1
Розовая ваза темницы;1
Синяя дверь темницы;1
Зелёная дверь темницы;1
Розовая дверь темницы;1
Синий книжный шкаф темницы;0
Зелёный книжный шкаф темницы;0
Розовый книжный шкаф темницы;0
«Катакомбы»;3
Полка темницы;1
«Скеллингтон Дж. Скеллингсворт»;0
«Проклятый человек»;0
«Глаз, узревший конец»;0
«Какое-то зло наблюдает за вами»;2
«Пробудившиеся Близнецы»;3
«Крикун»;0
«Гоблины, играющие в покер»;3
«Дриадиска»;1
«Подсолнухи»;3
«Террарийская готика»;1
Шапочка;1
Наполнитель;0
Звезда в банке;1
Гильза;1
«Столкновение»;2
«Птичий привод»;0
Уничтожитель;0
«Постоянство глаз»;3
«Единорог на перевале освящения»;0
«Большая волна»;1
«Звёздная ночь»;1
«Вдохновение Пикассо»;2
«Взгляд стражника»;0
«Отец чей-нибудь»;0
«Медсестра Лиза»;1
Посох теневого луча;0
Адский трезубец;0
Призрачный посох;0
Деревянный забор;0
Свинцовый забор;0
Пузырь-машина;1
Палочка для мыльных пузырей;1
Знамя марширующих скелетов;2
Знак некроманта;0
Штандарт «Ржавой компании»;0
Рваный сигил братства;0
Флаг «Литого легиона»;0
Дьявольский сигил;0
Обсидиановая платформа;1
Обсидиановая дверь;1
Обсидиановый стул;0
Обсидиановый стол;0
Обсидиановый верстак;0
Обсидиановая ваза;1
Обсидиановый книжный шкаф;0
Знамя адской грани;2
Знамя адского молота;2
Знамя адской башни;2
Знамя утраченных людских надежд;2
Знамя обсидианового наблюдателя;2
Знамя извержения лавы;2
Синяя кровать темницы;1
Зелёная кровать темницы;1
Розовая кровать темницы;1
Обсидиановая кровать;1
«Уолли»;0
«Мрак»;0
«Жнец чёрных душ»;0
«Суша»;1
«Пойманный призрак»;0
«Око демона»;2
«В поисках золота»;2
«Первое пришествие»;2
«Доброе утро»;2
«Подземная награда»;1
«За окном»;0
«Местечко над облаками»;2
«По траве не ходить»;1
«Холодные реки под белым снегом»;3
«Сумрачные расщелины»;3
«Страна иллюзий»;1
«Дневной свет»;0
«Секрет песков»;0
«Земля восставших из мёртвых»;1
«Злая сущность»;1
«Небесный страж»;0
«Американская взрывчатка»;1
«Открытие»;2
«Длань Земли»;1
«Старый шахтёр»;0
«Череп»;0
«Встреча с интеллектом вдохновения»;1
«Огненное озеро»;0
«Трио супергероев»;3
Призрачный капюшон;0
Призрачная мантия;1
Призрачная штаны;3
Призрачная кирка;1
Призрачный молотопор;0
Эктоплазма;1
Готический стул;0
Готический стол;0
Готический верстак;0
Готический книжный шкаф;0
Молот паладина;0
Шлем спецназа;0
Крылья пчелы;3
Перо гигантской гарпии;2
Костяное перо;2
Огненное перо;2
Ледяное перо;2
Сломанное крыло летучей мыши;2
Оборванное крыло пчелы;2
Большой аметист;0
Большой топаз;0
Большой сапфир;0
Большой изумруд;0
Большой рубин;0
Большой алмаз;0
Сундук джунглей;0
Порченый сундук;0
Багровый сундук;0
Освящённый сундук;0
Ледяной сундук;0
Ключ джунглей;0
Порченый ключ;0
Багровый ключ;0
Освящённый ключ;0
Ледяной ключ;0
«Морда беса»;1
«Зловещая сущность»;1
«Сияющая луна»;1
«Живая кровь»;1
«Текущая магма»;1
Призрачная кисть;1
Призрачный валик;0
Призрачный шпатель;0
Грибнитовый наголовник;0
Грибнитовая маска;1
Грибнитовый шлем;0
Грибнитовый нагрудник;0
Грибнитовые ботинки;3
Автоматический молоток;0
Грибнитовый слиток;0
К.П.Д.;0
Диадема Cenx;1
Нагрудник Cenx;0
Ботинки Cenx;3
Маска Crowno;1
Нагрудник Crowno;0
Ботинки Crowno;3
Шлем Уилла;0
Нагрудник Уилла;0
Ботинки Уилла;3
Шлем Джима;0
Нагрудник Джима;0
Ботинки Джима;3
Шлем Аарона;0
Нагрудник Аарона;0
Ботинки Аарона;3
Вампирские ножи;3
Сломанный меч героя;0
«Бич порчащего»;0
Посох ледяной гидры;0
«Сотворение гида»;2
«Торговец»;0
«Crowno, пожирающий свой обед»;0
«Особая магия»;1
«Волшебная ночь»;1
Ожерелье сердцееда;2
Ураганные сапоги;3
Шлем D-Town'а;0
Нагрудник D-Town'а;0
Ботинки D-Town'a;3
Крылья D-Town'а;3
Крылья Уилла;3
Крылья Crowno;3
Крылья Cenx;3
Платье Cenx;2
Юбка Cenx;1
Палладиевая колонна;1
Стена из палладиевой колонны;1
Жвачка;1
Жвачная стена;1
Титановый камень;0
Стена из титанового камня;1
Магические наручники;3
Музыкальная шкатулка (Снег);1
Музыкальная шкатулка (Космос);1
Музыкальная шкатулка (Багрянец);1
Музыкальная шкатулка (Босс 4);1
Музыкальная шкатулка (Ещё один день на поверхности);1
Музыкальная шкатулка (Дождь);1
Музыкальная шкатулка (Лёд);1
Музыкальная шкатулка (Пустыня);1
Музыкальная шкатулка (Океан);1
Музыкальная шкатулка (Темница);1
Музыкальная шкатулка (Плантера);1
Музыкальная шкатулка (Босс 5);1
Музыкальная шкатулка (Храм);1
Музыкальная шкатулка (Затмение);1
Музыкальная шкатулка (Грибы);1
Пыльца бабочки;1
Амулет анха;0
Щит анха;0
Синяя сигнальная ракета;1
Знамя рыбы-удильщика;2
Знамя грозной тучи;2
Знамя грибного рака-отшельника;2
Знамя муравьиного льва;2
Знамя арапаимы;2
Знамя бронированного скелета;2
Знамя пещерной летучей мыши;2
Знамя птицы;2
Знамя чёрного паука-отшельника;2
Знамя кровососа;2
Знамя кровавой медузы;2
Знамя кровавого ползуна;2
Знамя костяного змея;2
Знамя кролика;2
Знамя элементаля хаоса;2
Знамя подражателя;1
Знамя клоуна;2
Знамя порченого кролика;2
Знамя порченой золотой рыбки;2
Знамя краба;2
Знамя кримеры;2
Знамя багрового топора;2
Знамя проклятого молота;2
Знамя демона;2
Знамя демонического глаза;2
Знамя крикуна;2
Знамя пожирателя душ;2
Знамя зачарованного меча;2
Знамя зомби-эскимоса;2
Знамя лицемонстра;2
Знамя парящей массы;2
Знамя летучей рыбы;2
Знамя летучей змеи;2
Знамя Франкенштейна;2
Знамя луковицы гриба;2
Знамя грибной медузы;2
Знамя брюхонога;2
Знамя гоблина-вора;2
Знамя гоблина-мага;2
Знамя гоблина-пехотинца;2
Знамя гоблина-разведчика;2
Знамя гоблина-воина;2
Знамя золотой рыбки;2
Знамя гарпии;2
Знамя адской летучей мыши;2
Знамя змеинца;2
Знамя шершня;2
Знамя ледяного элементаля;2
Знамя ледяного тритона;2
Знамя огненного беса;2
Знамя синей медузы;2
Знамя паука джунглей;2
Знамя ящщера;2
Знамя людоеда;2
Знамя тела метеора;2
Знамя мотылька;2
Знамя мумии;2
Знамя грибной коровки;2
Знамя попугая;2
Знамя свинокрыла;2
Знамя пираньи;2
Знамя пирата-матроса;2
Знамя пикси;2
Знамя зомби в дождевике;2
Знамя жнеца;2
Знамя акулы;2
Знамя скелета;2
Знамя тёмного колдуна;2
Знамя синего слизня;2
Знамя снежного флинкса;2
Знамя стенолаза;2
Знамя грибного зомби;2
Знамя болотной твари;2
Знамя гигантской черепахи;2
Знамя токсичного слизня;2
Знамя слизня с зонтиком;2
Знамя единорога;2
Знамя вампира;2
Знамя стервятника;2
Знамя нимфы;2
Знамя оборотня;2
Знамя волка;2
Знамя кормильца мира;2
Знамя червя;1
Знамя призрака;2
Знамя виверны;2
Знамя зомби;2
Стеклянная платформа;1
Стеклянный стул;0
Роскошный стул;0
Роскошный унитаз;0
Барный стул;0
Медовый стул;0
Стимпанк-стул;0
Стеклянная дверь;1
Роскошная дверь;1
Медовая дверь;1
Стимпанк-дверь;1
Стеклянный стол;0
Банкетный стол;0
Барная стойка;1
Роскошный стол;0
Медовый стол;0
Стимпанк-стол;0
Стеклянная кровать;1
Роскошная кровать;1
Медовая кровать;1
Стимпанк-кровать;1
Стена из живого дерева;1
Пердёж в банке;0
Тыква;1
Тыквенная стена;1
Сено;2
Стена из сена;1
Жуткая древесина;1
Стена из жуткого дерева;1
Тыквенный шлем;0
Тыквенный нагрудник;0
Тыквенные ботинки;3
Яблоко в карамели;2
Поминальный кулич;0
Шапочка медсестры;1
Халат медсестры;0
Туфли медсестры;3
Шляпа волшебника;1
Маска Гая Фокса;1
Мантия красильщика;1
Стимпанк-очки;3
Шлем киборга;0
Нагрудник киборга;0
Ботинки киборга;3
Маска крипера;1
Тело крипера;2
Лапы крипера;3
Маска кота;1
Верх костюма кота;0
Низ костюма кота;0
Маска привидения;1
Саван привидения;0
Шапочка тыквы;1
Верх костюма тыквы;0
Низ костюма тыквы;0
Голова робота;1
Верх костюма робота;0
Низ костюма робота;0
Маска единорога;1
Верх костюма единорога;0
Низ костюма единорога;0
Маска вампира;1
Плащ вампира;1
Ботинки вампира;3
Шляпа ведьмы;1
Шляпа лепрекона;1
Пиджак лепрекона;0
Башмаки лепрекона;3
Рубашка пикси;1
Штаны пикси;3
Колпак принцессы;0
Платье принцессы;2
Мешок с добром;0
Балахон ведьмы;0
Башмаки ведьмы;3
Голова невесты Франкенштейна;1
Платье невесты Франкенштейна;2
Маска черепашки-каратиста;1
Верх костюма черепашки-каратиста;0
Низ костюма черепашки-каратиста;0
Винтовка из кэнди-корна;1
Кэнди-корн;0
Светильникомёт Джека;0
Взрывной светильник Джека;0
Серп;0
Тыквенный пирог;0
Шляпа пугала;1
Рубаха пугала;1
Штаны пугала;3
Котёл;0
Тыквенный стул;0
Тыквенная дверь;1
Тыквенный стол;0
Тыквенный верстак;0
Тыквенная платформа;1
Рваные крылья феи;3
Паучье яйцо;2
Волшебное семя тыквы;2
Крюк летучей мыши;0
Скипетр летучей мыши;0
Посох ворона;0
Форма для ключа джунглей;1
Форма для порченого ключа;1
Форма для багрового ключа;1
Форма для освящённого ключа;1
Форма для ледяного ключа;1
Подвесной светильник Джека;0
Тухлое яйцо;2
Злосчастный клубок;0
Чёрная волшебная пыль;1
Джеколюстра;1
Светильник Джека;0
Жуткий стул;0
Жуткая дверь;1
Жуткий стол;0
Жуткий верстак;0
Жуткая платформа;1
Капюшон жнеца;0
Балахон жнеца;0
Маска лисы;1
Верх костюма лисы;0
Низ костюма лисы;0
Кошачьи уши;3
Кровавый мачете;0
Клинок всадника;0
Перчатка с лезвиями;1
Семя тыквы;2
Жуткий крюк;0
Жуткие крылья;3
Жуткая ветвь;1
Жуткий шлем;0
Жуткий нагрудник;0
Жуткие ботинки;3
Колострел;0
Кол;0
Проклятый проросток;0
Голова пришельца;1
Верх костюма пришельца;0
Низ костюма пришельца;0
Маска волка;1
Верх костюма волка;0
Низ костюма волка;0
Медальон тыквенной луны;0
Свиток некромантии;0
«Джекинг Скелетрона»;0
«Урожай горечи»;0
«Графиня кровавой луны»;1
«Канун дня всех освящённых»;0
«Нездоровое любопытство»;2
Футболка охотника за сокровищами;1
Штаны охотника за сокровищами;3
Нагрудная повязка дриады;1
Набедренная повязка дриады;1
Трофей плакучего древня;0
Трофей Тыквенного короля;0
Светильник-маска Джека;1
Снайперский прицел;0
Светильник в виде сердца;0
Водолазное снаряжение медузы;2
Арктическое водолазное снаряжение;2
Сапоги морозной искры;3
Пердёж в шарике;0
Папирусный скарабей;0
Небесный камень;0
Ховерборд;0
Карамельная палочка;1
Сахарная слива;1
Подарок;0
«Ред Райдер»;0
Праздничные крылья;3
Сосна;1
Рождественская ёлка;1
Звезда на ёлку 1;1
Звезда на ёлку 2;1
Звезда на ёлку 3;1
Бантик на ёлку;0
Белая гирлянда;1
Белая и красная гирлянда;1
Красная гирлянда;1
Красная и зелёная гирлянда;1
Зелёная гирлянда;1
Зелёная и белая гирлянда;1
Разноцветные шары;3
Красные шары;3
Жёлтые шары;3
Зелёные шары;3
Красный и зелёный шар;0
Жёлтый и зелёный шар;0
Красный и жёлтый шар;0
Белые шары;3
Белый и красный шар;0
Белый и жёлтый шар;0
Белый и зелёный шар;0
Разноцветные огоньки;3
Красные огоньки;3
Зелёные огоньки;3
Синие огоньки;3
Жёлтые огоньки;3
Красные и жёлтые огоньки;3
Красные и зелёные огоньки;3
Жёлтые и зелёные огоньки;3
Синие и зелёные огоньки;3
Красные и синие огоньки;3
Синие и жёлтые огоньки;3
Огромный бантик;0
Оленьи рога;3
Остролист;0
Карамельный меч;0
«Эльфийский растопитель»;0
Рождественский пудинг;0
Гоголь-моголь;0
Бадьян;0
Оленьи колокольчики;3
Карамельная крюк-кошка;0
Рождественская крюк-кошка;0
Карамельная кирка;1
Кексовая чакра;1
Сахарное печенье;2
Имбирный пряник;0
Варежка;1
Уголь;0
Сундук для инструментов;0
Сосновая дверь;1
Сосновый стул;0
Сосновый стол;0
Собачий свисток;0
Ёлочный меч;0
Цепная пушка;1
Сосновая бритва;1
Посох снежной бури;0
Шапка миссис Клаус;1
Куртка миссис Клаус;1
Туфли миссис Клаус;3
Капюшон парки;0
Пальто парки;2
Штаны парки;3
Зимняя шапка;1
Уродливый свитер;0
Маска костюма ёлки;1
Свитер костюма ёлки;0
Штаны костюма ёлки;3
Эльфийская шапка;1
Эльфийская сорочка;1
Эльфийские штаны;3
Пушка снеговика;1
«Северный полюс»;0
Обои с рождественской ёлкой;3
Обои с орнаментом;3
Обои с карамелью;3
Праздничные обои;3
Обои со звёздами;3
Обои с загогулинами;3
Обои со снежинками;3
Обои с рогом Крампуса;3
Сине-зелёные обои;3
Обои с пальцем Гринча;3
Испорченный подарок;0
Свисток озорства малыша Гринча;0
Трофей Ледяной королевы;0
Трофей «Санта-НК1»;0
Трофей Вечновизжащего;0
Музыкальная шкатулка (Тыквенная луна);1
Музыкальная шкатулка (Ещё одно подземелье);1
Музыкальная шкатулка (Морозная луна);1
Коричневая краска;1
Теневая краска;1
Негативная краска;1
Командная краска;1
Искристый аметист;0
Искристый топаз;0
Искристый сапфир;0
Искристый изумруд;0
Искристый рубин;0
Искристый алмаз;0
Искристый янтарь;0
Жизненная краска для волос;1
Волшебная краска для волос;1
Глубинная краска для волос;1
Денежная краска для волос;1
Временная краска для волос;1
Командная краска для волос;1
Биомная краска для волос;1
Праздничная краска для волос;1
Радужная краска для волос;1
Ускоряющая краска для волос;1
Нимб;0
Феска;1
Женский манекен;0
Растворитель краски для волос;0
Сачок;0
Светлячок;0
Светлячок в банке;0
Бабочка-монарх;1
Переливница ивовая;1
Бабочка красный адмирал;1
Парусник Улисс;0
Бабочка-желтушка;1
Лесная нимфа;1
Зебровый мечник;0
Бабочка Юлия;1
Червяк;0
Мышь;1
Светлячок;0
Жук-светляк в банке;0
Улитка;1
Светящаяся улитка;1
Причудливые серые обои;3
Обои с плавающими льдинами;3
Музыкальные обои;3
Обои с пурпурным дождиком;3
Радужные обои;3
Обои с блестящими камушками;3
Обои со звёздным небом;3
Птица;1
Голубая сойка;1
Кардинал;0
Белка;1
Кролик;0
Кактусовый книжный шкаф;0
Книжный шкаф из эбенового дерева;0
Книжный шкаф из плоти;0
Медовый книжный шкаф;0
Стимпанк — книжный шкаф;0
Стеклянный книжный шкаф;0
Книжный шкаф из красного дерева;0
Книжный шкаф из жемчужного дерева;0
Жуткий книжный шкаф;0
Небесный книжный шкаф;0
Ящщеровый книжный шкаф;0
Ледяной книжный шкаф;0
Кактусовый фонарь;0
Фонарь из эбенового дерева;0
Фонарь из плоти;0
Медовый фонарь;0
Стимпанк-фонарь;0
Стеклянный фонарь;0
Фонарь из красного дерева;0
Фонарь из жемчужного дерева;0
Ледяной фонарь;0
Ящщеровый фонарь;0
Небесный фонарь;0
Жуткий фонарь;0
Ледяная дверь;1
Кактусовая свеча;1
Свеча из эбенового дерева;1
Свеча из плоти;1
Стеклянная свеча;1
Ледяная свеча;1
Свеча из красного дерева;1
Свеча из жемчужного дерева;1
Ящщеровая свеча;1
Небесная свеча;1
Тыквенная свеча;1
Кактусовая люстра;1
Люстра из эбенового дерева;1
Люстра из плоти;1
Медовая люстра;1
Ледяная люстра;1
Люстра из красного дерева;1
Люстра из жемчужного дерева;1
Ящщеровая люстра;1
Небесная люстра;1
Жуткая люстра;1
Стеклянная люстра;1
Кактусовая кровать;1
Кровать из плоти;1
Ледяная кровать;1
Ящщеровая кровать;1
Небесная кровать;1
Жуткая кровать;1
Кактусовая ванна;1
Ванна из эбенового дерева;1
Ванна из плоти;1
Стеклянная ванна;1
Ледяная ванна;1
Ванна из красного дерева;1
Ванна из жемчужного дерева;1
Ящщеровая ванна;1
Небесная ванна;1
Жуткая ванна;1
Кактусовая лампа;1
Лампа из эбенового дерева;1
Лампа из плоти;1
Стеклянная лампа;1
Ледяная лампа;1
Лампа из красного дерева;1
Лампа из жемчужного дерева;1
Ящщеровая лампа;1
Небесная лампа;1
Жуткая лампа;1
Кактусовый подсвечник;0
Подсвечник из эбенового дерева;0
Подсвечник из плоти;0
Медовый подсвечник;0
Стимпанк-подсвечник;0
Стеклянный подсвечник;0
Подсвечник из красного дерева;0
Подсвечник из жемчужного дерева;0
Ледяной подсвечник;0
Ящщеровый подсвечник;0
Небесный подсвечник;0
Жуткий подсвечник;0
Маска Мозга Ктулху;1
Маска Стены плоти;1
Маска Близнецов;1
Маска Скелетрона Прайма;1
Маска королевы пчёл;1
Маска Плантеры;1
Маска Голема;1
Маска Пожирателя миров;1
Маска Глаза Ктулху;1
Маска Уничтожителя;1
Подставка для кузнечных инструментов;1
Подставка для плотницких инструментов;1
Подставка для шлемов;1
Стойка для копий;1
Стойка для мечей;1
Каменная плита;1
Песчаниковая плита;1
Лягушка;1
Кряква;1
Утка;1
Медовая ванна;1
Стимпанк-ванна;1
Ванна из живого дерева;1
Ванна из мрачного дерева;1
Костяная ванна;1
Медовая лампа;1
Стимпанк-лампа;1
Лампа из живого дерева;1
Лампа из мрачного дерева;1
Роскошная лампа;1
Костяная лампа;1
Книжный шкаф из живого дерева;0
Книжный шкаф из мрачного дерева;0
Роскошный книжный шкаф;0
Костяной книжный шкаф;0
Кровать из живого дерева;1
Костяная кровать;1
Люстра из живого дерева;1
Люстра из мрачного дерева;1
Роскошная люстра;1
Костяная люстра;1
Фонарь из живого дерева;0
Фонарь из мрачного дерева;0
Роскошный фонарь;0
Костяной фонарь;0
Подсвечник из живого дерева;0
Подсвечник из мрачного дерева;0
Роскошный подсвечник;0
Костяной подсвечник;0
Свеча из живого дерева;1
Свеча из мрачного дерева;1
Роскошная свеча;1
Чёрный скорпион;0
Скорпион;0
Обои с пузырями;3
Обои с медными трубами;3
Обои с утёнком;3
Морозное ядро;2
Террариум с кроликом;0
Террариум с белкой;0
Террариум с кряквой;0
Террариум с уткой;0
Террариум с птицей;0
Террариум с голубой сойкой;0
Террариум с птицей-кардиналом;0
Стена с водопадом;1
Стена с лавопадом;1
Семена багрянца;3
Тяжёлый верстак;0
Медное покрытие;1
Террариум с улиткой;0
Террариум со светящейся улиткой;0
Грибнитовые копательные когти;3
Ящик с боеприпасами;0
Банка с бабочкой-монархом;1
Банка с переливницей ивовой;1
Банка с бабочкой красным адмиралом;1
Банка с Парусником Улисс;1
Банка с бабочкой-желтушкой;1
Банка с лесной нимфой;1
Банка с зебровым мечником;1
Банка с бабочкой Юлией;1
Террариум со скорпионом;1
Террариум с чёрным скорпионом;1
Ядовитый посох;0
Призрачная маска;1
Террариум с лягушкой;1
Террариум с мышью;1
Костяной станок;0
Резервуар для клонирования плоти;0
Стеклянная печь;1
Ящщеровая печь;1
Ткацкий станок из живого дерева;0
Небесный стан;0
Генератор льда;0
Жучий шлем;0
Жучья кольчуга;1
Жучий панцирь;0
Жучьи ботинки;3
Стимпанк-котёл;0
Медовый дозатор;0
Пингвин;0
Террариум с пингвином;0
Террариум с червём;0
Террариум;0
Превосходное зелье маны;2
Забор из эбенового дерева;0
Забор из красного дерева;0
Забор из жемчужного дерева;0
Забор из мрачного дерева;0
Мастерок;0
Расширитель хвата;0
Краскопульт;0
Переносная бетономешалка;1
Жучья шелуха;1
Небесный магнит;0
Небесная эмблема;1
Небесные наручники;3
Шляпа барахольщика;1
Пульсирующий лук;0
Большой родовой фонарь;0
Родовая лампа;1
Родовой фонарь;0
Большая родовая свеча;1
Родовой стул;0
Родовой верстак;0
Родовой сундук;0
Родовая кровать;1
Родовая ванна;1
Родовой книжный шкаф;0
Родовая кружка;1
Родовая миска;1
Родовая свеча;1
Родовые часы;3
Роскошные часы;3
Стеклянные часы;3
Медовые часы;3
Стимпанк-часы;3
Причудливые тарелки;3
Стеклянная миска;1
Бокал;0
Пианино из живого дерева;2
Пианино из плоти;2
Ледяное пианино;2
Ледяной стол;0
Медовый сундук;0
Стимпанк-сундук;0
Медовый верстак;0
Ледяной верстак;0
Стимпанк-верстак;0
Стеклянное пианино;2
Медовое пианино;2
Стимпанк-пианино;2
Медовая кружка;1
Потир;0
Родовой стол;0
Родовая древесина;1
Красная родовая черепица;1
Синяя родовая черепица;1
Белая родовая стена;1
Синяя родовая стена;1
Родовая дверь;1
Саке;2
Пад Тай;0
Фо;1
Револьвер;0
Гатлигатор;0
Загадочная рунная стена;1
Водяной пистолет;0
Катана;1
Ультраяркий факел;0
Волшебная шляпа;1
Кольцо с алмазом;2
Ги;2
Кимоно;2
Одеяние бродяги;2
Крылья жука;3
Тигровая кожа;1
Леопардовая кожа;1
Зебровая кожа;1
Багровый плащ;1
Таинственная накидка;1
Красная накидка;1
Зимняя накидка;1
Ледяной стул;0
Деревянная удочка;1
Окунь;0
Усиленная удочка;1
Стеклопластиковая удочка;1
«Ловец душ»;0
Золотая удочка;1
Механическая удочка;1
Удочка лёгкой добычи;1
Форель;1
Лосось;0
Атлантическая треска;1
Тунец;0
Красный луциан;0
Голубой неон;0
Панцирная слепоглазка;1
Рыба-ласточка;1
Багровая тигровая рыба;1
Морозный гольян;0
Рыба-принцесса;1
Золотой карп;0
Зеркальная рыба;1
Призмит;0
Сальная рыба;1
Карп-огнепёрка;0
Двойная треска;1
Медопёрка;1
Обсидиановая рыба;1
Креветка;1
Рыба-хаос;1
Чёрный карп;0
Кровавая пиранья;1
Рыба-камень;0
Рыба-вонючка;1
Зелье горного дела;2
Зелье сердечного магнита;2
Зелье затишья;2
Зелье строителя;2
Зелье титана;2
Зелье ластов;2
Зелье призыва;2
Зелье предчувствия;2
Пурпурная рыба-дубина;1
Обсидиановая меч-рыба;1
Меч-рыба;1
Железный забор;0
Деревянный ящик;0
Железный ящик;0
Золотой ящик;0
Старый ботинок;0
Водоросль;1
Консервная банка;1
Рельсы;3
Акула-расхититель;1
Пилозубая акула;1
Вагонетка;1
Зелье сохранения боеприпасов;2
Зелье жизненной силы;2
Зелье выносливости;2
Зелье ярости;2
Зелье адского пламени;2
Зелье гнева;2
Зелье возврата;2
Зелье телепортации;2
Любовное зелье;2
Зелье вонючки;2
Рыбацкое зелье;2
Зелье сонара;2
Зелье ящика;2
Семена ледошипа;3
Ледошип;0
Согревающее зелье;2
Рыболовный крюк-кошка;0
Пчелиный шлем;0
Пчелиный нагрудник;0
Пчелиные ботинки;3
Посох шершня;0
Посох беса;0
Посох королевы пауков;0
Шляпа рыбака;1
Безрукавка рыбака;1
Штаны рыбака;3
Паучья маска;1
Паучий нагрудник;0
Паучьи ботинки;3
Высокопрочная леска;1
Серёжка рыбака;1
Шкатулка для наживки;1
Синее пианино темницы;2
Зелёное пианино темницы;2
Розовое пианино темницы;2
Роскошное пианино;2
Обсидиановое пианино;2
Костяное пианино;2
Кактусовое пианино;2
Жуткое пианино;2
Небесное пианино;2
Ящщеровое пианино;2
Синий комод темницы;0
Зелёный комод темницы;0
Розовый комод темницы;0
Роскошный комод;0
Обсидиановый комод;0
Костяной комод;0
Кактусовый комод;0
Жуткий комод;0
Небесный комод;0
Медовый комод;0
Ящщеровый комод;0
Диван;0
Диван из эбенового дерева;0
Диван из красного дерева;0
Диван из жемчужного дерева;0
Диван из мрачного дерева;0
Синий диван темницы;0
Зелёный диван темницы;0
Розовый диван темницы;0
Роскошный диван;0
Обсидиановый диван;0
Костяной диван;0
Кактусовый диван;0
Жуткий диван;0
Небесный диван;0
Медовый диван;0
Стимпанк-диван;0
Грибной диван;0
Стеклянный диван;0
Тыквенный диван;0
Ящщеровый диван;0
Ракушка-заколка;1
Ожерелье русалки;2
Хвост русалки;0
Зефирная рыба;0
«Ловец плоти»;0
Огненная удочка;1
Лягушачья лапка;1
Якорь;0
Варёная рыба;1
Варёная креветка;3
Сашими;1
Пушистая морковь;1
Чешуйчатый трюфель;0
Липкое седло;2
Пчелиный воск;0
Стена с медным покрытием;1
Стена из каменной плиты;1
Парус;0
Коралловый камень;0
Голубая медуза;1
Зелёная медуза;1
Розовая медуза;1
Аквариум с голубой медузой;0
Аквариум с зелёной медузой;0
Аквариум с розовой медузой;0
Спасательный круг;0
Штурвал;0
Роза ветров;1
Настенный якорь;0
Трофей золотой рыбки;0
Трофей рыбы-кролика;0
Трофей меч-рыбы;0
Трофей акульей челюсти;0
Рыба-летучая мышь;1
Шмель-тунец;0
Рыбокот;0
Облачная рыба;1
Проклятая рыба;1
Землерыба;1
Рыба-динамит;1
Пожиратель планктона;0
Упавшая звезда — рыба;1
Рыба Ктулху;1
Рыботрон;0
Рыба-гарпия;1
Голодная рыба;1
Ихорная рыба;1
Драгоценная рыба;1
Рыба-мираж;1
Флинксопёрка-мутант;1
Рыба-пингвин;1
Рыба-пикси;1
Рыба-паук;1
Тундровая форель;1
Рыба-единорог;1
Рыба вуду гида;1
Вивернохвост;0
Рыба-зомби;1
Мухоморопёрка;1
Рыба-ангел;1
Кровавый кораблик;0
Костяная рыба;1
Рыба-кролик;0
Капитан Тунцовая Борода;1
Рыба-клоун;1
Демоническая рыба;1
Рыба-крикун;1
Рыбокрыл;0
Заражённая рыба-сабля;1
Грязерыба;1
Рыба-слизень;1
Тропическая барракуда;1
Трофей Короля слизней;0
Корабль в бутылке;0
Жёсткое седло;2
Нажимные рельсы;3
Маска Короля слизней;1
Чешуйчатые крылья;3
Карта сокровищ;1
Декоративные водоросли;3
«Ограбление по-пиксельски»;2
Голова костюма рыбы;1
Верх костюма рыбы;0
Низ костюма рыбы;0
Рыжая борода;1
Медовые очки;3
Северная древесина;1
Пальмовая древесина;1
Стена из северного дерева;1
Стена из пальмового дерева;1
Забор из северного дерева;0
Забор из пальмового дерева;0
Шлем из северного дерева;0
Нагрудник из северного дерева;0
Ботинки из северного дерева;3
Шлем из пальмового дерева;0
Нагрудник из пальмового дерева;0
Ботинки из пальмового дерева;3
Лук из пальмового дерева;0
Молот из пальмового дерева;0
Меч из пальмового дерева;0
Платформа из пальмового дерева;1
Ванна из пальмового дерева;1
Кровать из пальмового дерева;1
Скамья из пальмового дерева;1
Подсвечник из пальмового дерева;0
Свеча из пальмового дерева;1
Стул из пальмового дерева;0
Люстра из пальмового дерева;1
Сундук из пальмового дерева;0
Диван из пальмового дерева;0
Дверь из пальмового дерева;1
Комод из пальмового дерева;0
Фонарь из пальмового дерева;0
Пианино из пальмового дерева;2
Стол из пальмового дерева;0
Лампа из пальмового дерева;1
Верстак из пальмового дерева;0
Оптический посох;0
Книжный шкаф из пальмового дерева;0
Грибная ванна;1
Грибная кровать;1
Грибная скамья;1
Грибной книжный шкаф;0
Грибной подсвечник;0
Грибная свеча;1
Грибная люстра;1
Грибной сундук;0
Грибной комод;0
Грибной фонарь;0
Грибная лампа;1
Грибное пианино;2
Грибная платформа;1
Грибной стол;0
Паучий посох;0
Ванна из северного дерева;1
Кровать из северного дерева;1
Книжный шкаф из северного дерева;0
Подсвечник из северного дерева;0
Свеча из северного дерева;1
Стул из северного дерева;0
Люстра из северного дерева;1
Сундук из северного дерева;0
Часы из северного дерева;3
Дверь из северного дерева;1
Комод из северного дерева;0
Лампа из северного дерева;1
Фонарь из северного дерева;0
Пианино из северного дерева;2
Платформа из северного дерева;1
Слизневая ванна;1
Слизневая кровать;1
Слизневый книжный шкаф;0
Слизневый подсвечник;0
Слизневая свеча;1
Слизневый стул;0
Слизневая люстра;1
Слизневый сундук;0
Слизневые часы;3
Слизневая дверь;1
Слизневый комод;0
Слизневая лампа;1
Слизневый фонарь;0
Слизневое пианино;2
Слизневая платформа;1
Слизневый диван;0
Слизневый стол;0
Пиратский посох;0
Слизневый крюк-кошка;0
Липкая граната;1
Соус тартар;0
Маска герцога Рыбокрыла;1
Трофей герцога Рыбокрыла;0
Коктейль Молотова;0
Костяные часы;3
Кактусовые часы;3
Часы из эбенового дерева;3
Ледяные часы;3
Ящщеровые напольные часы;3
Часы из живого дерева;3
Часы из красного дерева;3
Часы из плоти;3
Грибные напольные  часы;3
Обсидиановые напольные часы;3
Часы из пальмового дерева;3
Часы из жемчужного дерева;3
Тыквенные часы;3
Часы из мрачного дерева;3
Жуткие часы;3
Небесные часы;3
Хелицера;1
Соколиный клинок;0
Крылья рыбокрыла;3
Слизневая пушка;1
«Кистенекрыл»;0
Зелёный сундук темницы;0
Розовый сундук темницы;0
Синий сундук темницы;0
Костяной сундук;0
Кактусовый сундук;0
Сундук из плоти;0
Обсидиановый сундук;0
Тыквенный сундук;0
Жуткий сундук;0
Сотрясающий посох;0
«Бритвенный тайфун»;0
Пузырная пушка;1
«Цунами»;2
Ракушка;1
Морская звезда;1
Стимпанк-платформа;1
Небесная платформа;1
Платформа из живого дерева;1
Медовая платформа;1
Небесный верстак;0
Стеклянный верстак;0
Верстак из живого дерева;0
Диван из плоти;0
Ледяной диван;0
Диван из живого дерева;0
Тыквенный комод;0
Стимпанк-комод;0
Стеклянный комод;0
Комод из плоти;0
Тыквенный фонарь;0
Обсидиановый фонарь;0
Тыквенная лампа;1
Обсидиановая лампа;1
Синяя лампа темницы;1
Зелёная лампа темницы;1
Розовая лампа темницы;1
Медовая свеча;1
Стимпанк-свеча;1
Жуткая свеча;1
Обсидиановая свеча;1
Синяя люстра темницы;1
Зелёная люстра темницы;1
Розовая люстра темницы;1
Стимпанк-люстра;1
Тыквенная люстра;1
Обсидиановая люстра;1
Синяя ванна темницы;1
Зелёная ванна темницы;1
Розовая ванна темницы;1
Тыквенная ванна;1
Обсидиановая ванна;1
Роскошная ванна;1
Синий подсвечник темницы;0
Зелёный подсвечник темницы;0
Розовый подсвечник темницы;0
Обсидиановый подсвечник;0
Тыквенный подсвечник;0
Тыквенная кровать;1
Тыквенный книжный шкаф;0
Тыквенное пианино;2
Статуя акулы;1
Трюфельный червь;0
Наживка ученика;1
Наживка подмастерья;1
Наживка мастера;1
Искристая янтарная стена;1
Неактивная искристая янтарная стена;1
Искристая аметистовая стена;1
Неактивная искристая аметистовая стена;1
Искристая алмазная стена;1
Неактивная искристая алмазная стена;1
Искристая изумрудная стена;1
Неактивная искристая изумрудная стена;1
Искристая рубиновая стена;1
Неактивная искристая рубиновая стена;1
Искристая сапфировая стена;1
Неактивная искристая сапфировая стена;1
Искристая топазовая стена;1
Неактивная искристая топазовая стена;1
Стена с оловянным покрытием;1
Оловянное покрытие;0
Блок-водопад;0
Блок-лавопад;0
Блок-конфетти;0
Стена-конфетти;1
Ночной блок-конфетти;0
Ночная стена-конфетти;1
Оружейная стойка;1
Коробка фейерверков;1
Живой огонь;0
Статуя цифры 0;1
Статуя цифры 1;1
Статуя цифры 2;1
Статуя цифры 3;1
Статуя цифры 4;1
Статуя цифры 5;1
Статуя цифры 6;1
Статуя цифры 7;1
Статуя цифры 8;1
Статуя цифры 9;1
Статуя буквы A;1
Статуя буквы B;1
Статуя буквы C;1
Статуя буквы D;1
Статуя буквы E;1
Статуя буквы F;1
Статуя буквы G;1
Статуя буквы H;1
Статуя буквы I;1
Статуя буквы J;1
Статуя буквы K;1
Статуя буквы L;1
Статуя буквы M;1
Статуя буквы N;1
Статуя буквы O;1
Статуя буквы P;1
Статуя буквы Q;1
Статуя буквы R;1
Статуя буквы S;1
Статуя буквы T;1
Статуя буквы U;1
Статуя буквы V;1
Статуя буквы W;1
Статуя буквы X;1
Статуя буквы Y;1
Статуя буквы Z;1
Фонтан-фейерверк;0
Ускоряющие рельсы;3
Кузнечик;0
Террариум с кузнечиком;0
Музыкальная шкатулка (Подземный багрянец);1
Кактусовый стол;0
Кактусовая платформа;1
Меч из северного дерева;0
Молот из северного дерева;0
Лук из северного дерева;0
Стеклянный сундук;0
Ксенопосох;0
Метеорный посох;0
Проклятый живой огонь;0
Демонический живой огонь;0
Морозный живой огонь;0
Живой ихор;0
Ультраяркий живой огонь;0
Зелье смены пола;2
Вихревой шлем;0
Вихревой нагрудник;0
Вихревые ботинки;3
Шлем туманности;0
Нагрудник туманности;0
Ботинки туманности;3
Шлем солнечной вспышки;0
Нагрудник солнечной вспышки;0
Ботинки солнечной вспышки;3
Фрагмент солнечной таблички;0
Солнечная табличка;1
Буросодержащий модуль;0
Ключ от космотачки;0
Крылья Мотрон;3
Запутыватель мозгов;0
Вихревой топор;0
Вихревая бензопила;1
Вихревой бур;0
Вихревой молот;0
Вихревая кирка;1
Топор туманности;0
Бензопила туманности;1
Бур туманности;0
Молот туманности;0
Кирка туманности;1
Топор солнечной вспышки;0
Бензопила солнечной вспышки;1
Бур солнечной вспышки;0
Молот солнечной вспышки;0
Кирка солнечной вспышки;1
Блок-медопад;0
Стена с медопадом;1
Хлорофитовая кирпичная стена;1
Багротановая кирпичная стена;1
Стена с грибнитовым покрытием;1
Хлорофитовый кирпич;0
Багротановый кирпич;0
Грибнитовое покрытие;0
Лазерный пулемёт;0
Электросферомёт;0
«Ксенопузырчик»;0
Лазерный бур;0
Механическая линейка;1
Антигравитационный крюк;0
Маска луны;1
Маска солнца;1
Маска костюма марсианина;1
Верх костюма марсианина;0
Низ костюма марсианина;0
Шлем униформы марсианина;0
Верх униформы марсианина;0
Низ униформы марсианина;0
Марсианские астрочасы;3
Марсианская ванна;1
Марсианская кровать;1
Марсианское парящее кресло;2
Марсианская люстра;1
Марсианский сундук;0
Марсианская дверь;1
Марсианский комод;0
Марсианский голографический книжный шкаф;0
Марсианская парящая свеча;1
Марсианский фонарный столб;0
Марсианский фонарь;0
Марсианское пианино;2
Марсианская платформа;1
Марсианский диван;0
Марсианский стол;0
Марсианская настольная лампа;1
Марсианский верстак;0
Деревянная мойка;1
Мойка из эбенового дерева;1
Мойка из красного дерева;1
Мойка из жемчужного дерева;1
Костяная мойка;1
Мойка из плоти;1
Мойка из живого дерева;1
Небесная мойка;1
Мойка из мрачного дерева;1
Ящщеровая мойка;1
Синяя мойка темницы;1
Зелёная мойка темницы;1
Розовая мойка темницы;1
Обсидиановая мойка;1
Металлическая мойка;1
Стеклянная мойка;1
Роскошная мойка;1
Медовая мойка;1
Стимпанк-мойка;1
Тыквенная мойка;1
Жуткая мойка;1
Ледяная мойка;1
Родовая мойка;1
Мойка из пальмовой древесины;1
Грибная мойка;1
Мойка из северного дерева;1
Слизневая мойка;1
Кактусовая мойка;1
Марсианская мойка;1
Капюшон солнечного культиста;0
Капюшон лунного культиста;0
Мантия солнечного культиста;1
Мантия лунного культиста;1
Марсианское изоляционное покрытие;0
Марсианская изоляционная стена;1
Высокотехнологичные солнечные очки;3
Марсианская краска для волос;1
Марсианский краситель;0
«Замок Марсберг»;0
«Марсия Лиза»;1
«Истина где-то там»;1
Дым;0
Живой пламенный краситель;0
Живой радужный краситель;0
Теневой краситель;0
Негативный краситель;0
Живой морской краситель;0
Коричневый краситель;0
Чёрно-коричневый краситель;0
Ярко-коричневый краситель;0
Серебряно-коричневый краситель;0
Краситель цвета блуждающего огонька;0
Краситель цвета пикси;0
Потоковый резонатор;0
Фазовый искривляющий отражатель;0
Заряжаемая бластер-пушка;1
Хлорофитовый краситель;0
Краситель цвета блуждающего единорога;0
Краситель цвета адского огонька;0
Порочный порошок;0
Порочный гриб;0
«Опчеленительный»;0
Золотая птица;1
Золотой кролик;1
Золотая бабочка;1
Золотая лягушка;1
Золотой кузнечик;0
Золотая мышь;1
Золотой червяк;0
Липкий динамит;0
Знамя злого ловца;2
Знамя бронированного викинга;2
Знамя чёрного слизня;2
Знамя синего бронированного скелета;2
Знамя синего сектанта-лучника;2
Знамя синего сектанта-мага;2
Знамя синего сектанта-воина;2
Знамя Костюса Ли;2
Знамя цеплятеля;2
Знамя кошенильного червеца;2
Знамя испорченного пингвина;2
Знамя испорченного слизня;1
Знамя порчащего;2
Знамя багрового слизня;2
Знамя проклятого черепа;2
Знамя синего жука;2
Знамя пожирателя;2
Знамя сатаниста;2
Знамя доктора Бонса;2
Знамя слизня темницы;2
Знамя духа темницы;2
Знамя эльфийского лучника;2
Знамя эльфокоптера;2
Знамя глазера;2
Знамя снежинко;2
Знамя привидения;2
Знамя гигантской летучей мыши;2
Знамя гигантского проклятого черепа;2
Знамя гигантской летучей лисицы;2
Знамя пряничного человечка;2
Знамя гоблина-лучника;2
Знамя зелёного слизня;2
Знамя всадника без головы;2
Знамя адского бронированного скелета;2
Знамя адской гончей;2
Знамя прыгающего Джека;2
Знамя ледяной летучей мыши;2
Знамя ледяного голема;2
Знамя ледяного слизня;2
Знамя ихорного прилипалы;2
Знамя светящейся летучей мыши;2
Знамя светящегося слизня;2
Знамя тропической летучей мыши;2
Знамя слизня джунглей;2
Знамя Крампуса;2
Знамя лакового червеца;2
Знамя огненной летучей мыши;2
Знамя лавового слизня;2
Знамя марсианского запутывателя мозгов;2
Знамя марсианского дрона;2
Знамя марсианского инженера;2
Знамя марсианского гигаразрядника;2
Знамя марсианского пехотинца;2
Знамя марсианского офицера;2
Знамя марсианского стрелка;2
Знамя марсианского наездника скатликса;2
Знамя марсианской турели Теслы;2
Знамя мистера Колотуна;2
Знамя матери слизней;2
Знамя некроманта;2
Знамя щелкунчика;2
Знамя паладина;2
Знамя пингвина;2
Знамя Пинки;2
Знамя полтергейста;2
Знамя одержимых доспехов;2
Знамя подарка-подражателя;2
Знамя пурпурного слизня;2
Знамя колдуна в лохмотьях;2
Знамя радужного слизня;2
Знамя ворона;2
Знамя красного слизня;2
Знамя рунического волшебника;2
Знамя ржавого бронированного скелета;2
Знамя пугала;2
Знамя скатликса;2
Знамя скелета-лучника;2
Знамя скелета-коммандоса;2
Знамя скелета-снайпера;2
Знамя слизневика;2
Знамя хватателя;2
Знамя Снегго Вика;2
Знамя снеговика-гангстера;2
Знамя шипастого ледяного слизня;2
Знамя шипастого слизня джунглей;2
Знамя занозца;2
Знамя кальмара;2
Знамя скелета-штурмовика;2
Знамя жениха;2
Знамя Тима;2
Знамя зомби-шахтёра;2
Знамя зомби-викинга;2
Знамя белого сектанта-лучника;2
Знамя белого сектанта-мага;2
Знамя белого сектанта-воина;2
Знамя жёлтого слизня;2
Знамя йети;2
Знамя зомби-эльфа;2
«Спарки»;0
Лиана;1
Зелье червоточины;2
Эмблема призывателя;1
Стол шамана;0
Алхимический стол;0
Странное варево;2
Светящаяся палочка спелеолога;1
Костяная стрела;1
Костяной факел;0
Моток лианы;0
Жизнесос;0
Дротикомёт;0
Дротикострел;0
Кристальный дротик;0
Проклятый дротик;0
Ихорный дротик;0
Цепная гильотина;1
Вонючий багнак;0
Посох цеплятеля;0
Гнилые останки;3
Кастеты из плоти;3
Цветочные сапоги;3
«Сеятель»;0
Лук адского крыла;0
Сухожильный крюк;0
Шипастый крюк;0
Светящийся крюк;0
Червокрюк;0
Кровь Skiphs'а;1
Вязкий пурпурный краситель;0
Отражающий серебряный краситель;0
Отражающий золотой краситель;0
Кислотно-синий краситель;0
Лук бури Дедала;0
Летающий нож;0
Бездонное ведро воды;2
Супервпитывающая губка;1
Золотое кольцо;2
Кольцо-монета;2
Кольцо жадности;2
Рыболокатор;0
Метеорадио;2
Краситель Аида;0
Сумеречный краситель;0
Кислотный краситель;0
Краситель цвета светящегося гриба;0
Фазовый краситель;0
Волшебный фонарь;0
Музыкальная шкатулка (Лунный босс);1
Радужный факел;0
Проклятый костёр;0
Демонический костёр;0
Ледяной костёр;0
Ихорный костёр;0
Радужный костёр;0
Кристальный осколок мерзости;0
Лук пламени тьмы;0
Заколдованная кукла пламени тьмы;1
Нож пламени тьмы;0
Жёлуди;3
«Похолодание»;2
«Проклятие святого»;2
«Снегопарни»;3
«Время года»;1
Костяная погремушка;1
Набор вещичек архитектора;0
Багровое сердце;2
«Мяумур»;0
Зачарованные солнечные часы;3
«Звёздный гнев»;0
Гладкий мрамор;0
Кирпичная стена из адского камня;1
Руководство по плетению верёвок;2
Палочка для розжига;1
Террариум с золотой птицей;0
Террариум с золотым кроликом;0
Банка с золотой бабочкой;1
Террариум с золотой лягушкой;0
Террариум с золотым кузнечиком;0
Террариум с золотой мышью;0
Террариум с золотым червяком;0
Шёлковая верёвка;1
Паутинная верёвка;1
Моток шёлковой верёвки;0
Моток паутинной верёвки;0
Мрамор;0
Мраморная стена;1
Гладкая мраморная стена;1
Радар;0
Золотой ларец;0
Гранит;0
Гладкий гранит;0
Гранитная стена;1
Гладкая гранитная стена;1
Королевский гель;0
Ключ ночи;0
Ключ света;0
Мешочек с травами;0
Дротик;0
Счётчик;0
Секстант;0
Щит Ктулху;0
Бензопила мясника;1
Секундомер;0
Метеоритный кирпич;0
Метеоритная кирпичная стена;1
Металлодетектор;0
Бесконечный колчан;0
Бесконечный мушкетный подсумок;0
Токсичный флакон;0
Нож психа;0
Гвоздомёт;0
Гвоздь;0
Шлем ночного видения;0
Небесная ракушка;1
Розовый гель;0
Прыгучая светящаяся палочка;1
Розовая затвердевшая слизь;1
Розовый факел;0
Прыгучая бомба;1
Прыгучая граната;1
Свеча мира;1
Анализатор форм жизни;0
Измеритель урона;0
Карманный справочник рыбака;0
Устройство гоблина;2
Р.В.У. 3000;2
КПК;0
Сотовый телефон;0
Гранитный сундук;0
Метеоритные напольные  часы;3
Мраморные часы;3
Гранитные часы;3
Метеоритная дверь;1
Мраморная дверь;1
Гранитная дверь;1
Метеоритный комод;0
Мраморный комод;0
Гранитный комод;0
Метеоритная лампа;1
Мраморная лампа;1
Гранитная лампа;1
Метеоритный фонарь;0
Мраморный фонарь;0
Гранитный фонарь;0
Метеоритное пианино;2
Мраморное пианино;2
Гранитное пианино;2
Метеоритная платформа;1
Мраморная платформа;1
Гранитная платформа;1
Метеоритная мойка;1
Мраморная мойка;1
Гранитная мойка;1
Метеоритный диван;0
Мраморный диван;0
Гранитный диван;0
Метеоритный стол;0
Мраморный стол;0
Гранитный стол;0
Метеоритный верстак;0
Мраморный верстак;0
Гранитный верстак;0
Метеоритная ванна;1
Мраморная ванна;1
Гранитная ванна;1
Метеоритная кровать;1
Мраморная кровать;1
Гранитная кровать;1
Метеоритный книжный шкаф;0
Мраморный книжный шкаф;0
Гранитный книжный шкаф;0
Метеоритный подсвечник;0
Мраморный подсвечник;0
Гранитный подсвечник;0
Метеоритная свеча;1
Мраморная свеча;1
Гранитная свеча;1
Метеоритный стул;0
Мраморный стул;0
Гранитный стул;0
Метеоритная люстра;1
Мраморная люстра;1
Гранитная люстра;1
Метеоритный сундук;0
Мраморный сундук;0
Волшебная пипетка с водой;1
Золотой сачок;0
Волшебная пипетка с лавой;1
Волшебная пипетка с мёдом;1
Пустая пипетка;1
Гладиаторский шлем;0
Гладиаторский нагрудник;0
Гладиаторские ботинки;3
Отражающий краситель;0
Зачарованный червяк;0
Личинка;1
Слизняк;0
Жучок;0
Суп из личинок;0
Рыба-бомба;1
Морозная рыба-кинжал;0
Точильный станок;0
Ледяное зеркало;2
Сапоги рыбы-парусника;3
Цунами в банке;2
Тренировочный манекен;0
Испорченный ящик;0
Багровый ящик;0
Ящик темницы;0
Небесный ящик;0
Освящённый ящик;0
Ящик джунглей;0
Кристальный змей;0
Токсикарп;0
«Острый язычок»;0
Ожерелье из акульих зубов;2
Денежное корыто;2
Пузырь;0
Горшок с днецветом;0
Горшок с луносветом;0
Горшок со смертерослем;0
Горшок со смертерослем;0
Горшок с мерцающим корнем;0
Горшок с воднолистом;0
Горшок с ледошипом;0
Горшок с огнецветом;0
Мозг замешательства;0
Шарф-червь;0
Воздушный иглобрюх;0
Диадема валькирии Lazure;1
Плащ валькирии Lazure;0
Экранная платформа Lazure;1
Золотой могильный крест;0
Надгробная плита;1
Золотая могильная табличка;0
Золотая могильная плита;1
Золотое надгробие;0
Кристалл;0
Музыкальная шкатулка (Марсианское безумие);1
Музыкальная шкатулка (Нашествие пиратов);1
Музыкальная шкатулка (Преисподняя);1
Кристальная стена;1
Люк;0
Ворота;0
Акулокрылый шарик;1
Шляпа налогосборщика;1
Костюм налогосборщика;0
Штаны налогосборщика;3
Костяная перчатка;1
Куртка портного;1
Штаны портного;3
Тюрбан красильщика;0
Посох смертоносной сферы;0
Зелёная подкова на шарике;1
Янтарная подкова на шарике;1
Розовая подкова на шарике;1
Лавовая лампа;1
Террариум с зачарованным червяком;0
Террариум с жучком;0
Террариум с личинкой;0
Террариум со слизняком;0
Рукошлёп;0
Сумеречная краска для волос;1
Освящённое яблоко;2
Призрачный слиток;0
«Код 1»;0
Буканьерская бандана;1
Буканьерская туника;1
Буканьерские штаны;3
Обсидиановая шляпа разбойника;1
Обсидиановое пальто;2
Обсидиановые штаны;3
Голова Медузы;1
Рамка для предметов;1
Песчаник;0
Окаменелый песок;0
Песчаниковая стена;1
Окаменелый чёрный песок;0
Окаменелый багровый песок;0
Чёрный песчаник;0
Багровый песчаник;0
Деревянный йо-йо;2
«Дискомфорт»;0
«Артерия»;1
«Амазонка»;1
«Каскад»;0
«Чик»;0
«Код 2»;0
«Ралли»;2
«Елец»;0
«Бросок» Red'а;0
Йо-йо «Валькирия»;2
«Амарок»;0
«Адское пламя»;2
«Кракен»;0
«Глаз Ктулху»;0
Красная нить;1
Оранжевая нить;1
Жёлтая нить;1
Лаймовая нить;1
Зелёная нить;1
Сине-зелёная нить;1
Циановая нить;1
Голубая нить;1
Синяя нить;1
Пурпурная нить;1
Фиолетовая нить;1
Розовая нить;1
Коричневая нить;1
Белая нить;1
Радужная нить;1
Чёрная нить;1
Чёрный противовес;0
Синий противовес;0
Зелёный противовес;0
Пурпурный противовес;0
Красный противовес;0
Жёлтый противовес;0
«Формат:C»;0
«Градиент»;0
«Доблесть»;1
Мешок с сокровищами;0
Мешок с сокровищами;0
Мешок с сокровищами;0
Мешок с сокровищами;0
Мешок с сокровищами;0
Мешок с сокровищами;0
Мешок с сокровищами;0
Мешок с сокровищами;0
Мешок с сокровищами;0
Мешок с сокровищами;0
Мешок с сокровищами;0
Мешок с сокровищами;0
Мешок с сокровищами;0
Мешок с сокровищами;0
Мешок с сокровищами;0
Улейкзак;0
Перчатка для йо-йо;1
Демоническое сердце;2
Мешочек со спорами;0
Сияющий камень;0
Окаменелый жемчужный песок;0
Жемчужный песчаник;0
Окаменелая песчаная стена;1
Окаменелая чёрная песчаная стена;1
Окаменелая багровая песчаная стена;1
Окаменелая жемчужная песчаная стена;1
Чёрная песчаниковая стена;1
Багровая песчаниковая стена;1
Жемчужная песчаниковая стена;1
Пустынная окаменелость;1
Пустынная окаменелая стена;1
Экзотический ятаган;0
Пейнтбольное ружьё;2
Изящная трость;1
Модные ножницы;3
Механическая вагонетка;1
Деталь механических колёс;1
Деталь механической вагонетки;1
Механический аккумулятор;0
Трофей сектанта-старейшины;0
Трофей марсианской тарелки;0
Трофей «Летучего голландца»;0
Палочка из красного дерева;1
Листовая палочка из красного дерева;1
Смокинг падшего;0
Брюки падшего;3
Камин;0
Дымовая труба;1
Сумка для йо-йо;1
Креветочный трюфель;0
«Архалис»;0
Конфетти-пушка;1
Музыкальная шкатулка (Башни);1
Музыкальная шкатулка (Нашествие гоблинов);1
Маска сектанта-старейшины;1
Маска Лунного повелителя;1
Окаменевший шлем;0
Окаменевший нагрудник;0
Окаменевшие ботинки;3
Янтарный посох;0
Костяной дротик;0
Костяной метательный нож;0
Затвердевшая окаменелость;1
Шлем звёздной пыли;0
Нагрудник звёздной пыли;0
Ботинки звёздной пыли;3
Портальная пушка;1
Странное растение;2
Странное растение;2
Странное растение;2
Странное растение;2
«Террариец»;0
Знамя гоблина-призывателя;2
Знамя саламандры;2
Знамя гигантской улитки;2
Знамя речного рака;2
Знамя Фрица;2
Знамя твари из глубин;2
Знамя доктора Мухи;2
Знамя Мотрон;2
Знамя оторванной руки;2
Знамя одержимой;2
Знамя мясника;2
Знамя психа;2
Знамя смертоносной сферы;2
Знамя Гвоздеголового;2
Знамя ядовитой споры;2
Знамя Медузы;2
Знамя гоплита;2
Знамя гранитного элементаля;2
Знамя гранитного голема;2
Знамя кровавого зомби;2
Знамя стекателя;2
Знамя ползуна-могильщика;2
Знамя дюнного сращивателя;2
Знамя муравьиного роевика;2
Знамя муравьиного воителя;2
Знамя упыря;2
Знамя ламии;2
Знамя пустынного духа;2
Знамя василиска;2
Знамя песчаного браконьера;2
Знамя звездочёта;2
Знамя ткача Млечного Пути;2
Знамя потокового захватчика;2
Знамя мерцающего стрелка;2
Знамя маленькой звёздной клетки;2
Знамя звёздной клетки;2
Знамя ядрита;2
Знамя скатальщика;2
Знамя ползуножки;2
Знамя наездника дракомира;2
Знамя дракомира;2
Знамя селенита;2
Знамя пророка;2
Знамя мозгососа;2
Знамя парителя туманности;2
Знамя развитого зверя;2
Знамя личинки пришельца;2
Знамя королевы пришельцев;2
Знамя шершня-пришельца;2
Знамя вихрянина;2
Знамя штурмовика-дайвера;2
Знамя капитана пиратов;2
Знамя одноглазого пирата;2
Знамя пирата-корсара;2
Знамя пиратки-арбалетчицы;2
Знамя марсианского шагохода;2
Знамя красного дьявола;2
Знамя розовой медузы;2
Знамя зелёной медузы;2
Знамя тёмной мумии;2
Знамя освящённой мумии;2
Знамя злого скелета;2
Знамя ледяной черепахи;2
Усилитель урона;0
Усилитель здоровья;0
Усилитель маны;0
Вихревой фрагмент;0
Фрагмент туманности;0
Солнечный фрагмент;0
Фрагмент звёздной пыли;0
Люминит;0
Люминитовый кирпич;0
Топор звёздной пыли;0
Бензопила звёздной пыли;1
Бур звёздной пыли;0
Молот звёздной пыли;0
Кирка звёздной пыли;1
Люминитовый слиток;0
Солнечные крылья;3
Вихревой усилитель;0
Мантия туманности;1
Крылья звёздной пыли;3
Люминитовая кирпичная стена;1
«Солнечный выброс»;0
Посох клетки звёздной пыли;0
«Вихревой загонщик»;0
Таинство туманности;2
Кровавая вода;1
Свадебная фата;1
Свадебное платье;2
Платиновый лук;0
Платиновый молот;0
Платиновый топор;0
Платиновый кинжал;0
Платиновый меч;0
Платиновая кирка;1
Вольфрамовый лук;0
Вольфрамовый молот;0
Вольфрамовый топор;0
Вольфрамовый кинжал;0
Вольфрамовый меч;0
Вольфрамовая кирка;1
Свинцовый лук;0
Свинцовый молот;0
Свинцовый топор;0
Свинцовый кинжал;0
Свинцовый меч;0
Свинцовая кирка;1
Оловянный лук;0
Оловянный молот;0
Оловянный топор;0
Оловянный кинжал;0
Оловянный меч;0
Оловянная кирка;1
Медный лук;0
Медный молот;0
Медный топор;0
Медный кинжал;0
Медный меч;0
Медная кирка;1
Серебряный лук;0
Серебряный молот;0
Серебряный топор;0
Серебряный кинжал;0
Серебряный меч;0
Серебряная кирка;1
Золотой лук;0
Золотой молот;0
Золотой топор;0
Золотой кинжал;0
Золотой меч;0
Золотая кирка;1
Молотопор солнечной вспышки;0
Вихревой молотопор;0
Молотопор туманности;0
Молотопор звёздной пыли;0
Солнечный краситель;0
Краситель туманности;0
Вихревой краситель;0
Краситель звёздной пыли;0
Краситель пустоты;0
Драконий посох звёздной пыли;0
Бекон;0
Краситель переливающихся песков;0
Миражный краситель;0
Краситель переливающихся жемчужных песков;0
Вихревой монолит;0
Монолит туманности;0
Монолит звёздной пыли;0
Солнечный монолит;0
«Фантом»;0
Последняя призма;1
Вспышка туманности;1
«Рассвет»;0
Превосходное лечебное зелье;2
Детонатор;0
Петарда;1
Прыгучий динамит;0
Счастливая граната;1
Манипулятор древних;0
Пламенный и серебряный краситель;0
Пламенно-зелёно-серебряный краситель;0
Пламенно-сине-серебряный краситель;0
Отражающий медный краситель;0
Отражающий обсидиановый краситель;0
Отражающий металлический краситель;0
Полуночный радужный краситель;0
Чёрно-белый краситель;0
Ярко-серебряный краситель;0
Чёрно-серебряный краситель;0
Красный кислотный краситель;0
Гелевый краситель;0
Розовый гелевый краситель;0
Рыжая белка;1
Золотая белка;1
Террариум с рыжей белкой;0
Террариум с золотой белкой;0
Люминитовая пуля;1
Люминитовая стрела;1
Лунный портальный посох;0
«Лунная вспышка»;1
Радужный кристальный посох;0
Лунный крюк;0
Блок солнечного фрагмента;0
Блок вихревого фрагмента;0
Блок фрагмента туманности;0
Блок фрагмента звёздной пыли;0
Подозрительно выглядящее щупальце;2
Униформа Yoraiz0r'а;1
Юбка Yoraiz0r'а;1
Чары Yoraiz0r'а;1
«Хмурость» Yoraiz0r'а;1
Крылья Джима;3
Перекрашенные очки Yoraiz0r'а;3
Стена из живой листвы;1
Маска Skiphs'а;1
Верх костюма Skiphs'а;0
Низ костюма Skiphs'а;0
Лапы Skiphs'а;3
Шлем Loki;0
Нагрудник Loki;0
Ботинки Loki;3
Крылья Loki;3
Знамя песчаного слизня;2
Знамя морской улитки;2
Трофей Лунного повелителя;0
«Ни ребёнок, ни кальмар»;0
Краситель пламени Аида;0
Мрачный краситель;0
Краситель Loki;0
Краситель пламени тьмы Аида;0
Небесная печать;1
Лампа с логическим элементом (выкл.);1
Логический элемент (И);0
Логический элемент (ИЛИ);0
Логический элемент (И-НЕ);0
Логический элемент (ИЛИ-НЕ);0
Логический элемент (исключающее ИЛИ);0
Логический элемент (исключающее ИЛИ-НЕ);0
Конвейерная лента (по часовой стрелке);1
Конвейерная лента (против часовой стрелки);1
«Высший замысел»;0
Жёлтый гаечный ключ;0
Логический датчик (день);0
Логический датчик (ночь);0
Логический датчик (игрок сверху);0
Распределительная коробка;1
Панель оповещения;1
Лампа с логическим элементом (вкл.);1
Механический объектив;0
Жезл-актуатор;0
Блок красной команды;0
Платформа красной команды;1
Статический крюк-кошка;0
Размещатель;0
Разноцветный гаечный ключ;0
Розовая утяжелённая нажимная плита;1
Каска инженера;1
Куб-компаньон;0
Светодиод;0
Оранжевая утяжелённая нажимная плита;1
Пурпурная утяжелённая нажимная плита;1
Голубая утяжелённая нажимная плита;1
Блок зелёной команды;0
Блок синей команды;0
Блок жёлтой команды;0
Блок розовой команды;0
Блок белой команды;0
Платформа зелёной команды;1
Платформа синей команды;1
Платформа жёлтой команды;1
Платформа розовой команды;1
Платформа белой команды;1
Большой янтарь;0
Рубиновая форма;1
Сапфировая форма;1
Изумрудная форма;1
Топазовая форма;1
Аметистовая форма;1
Алмазная форма;1
Янтарная форма;1
Статуя белки;1
Статуя бабочки;1
Статуя червяка;1
Статуя светлячка;1
Статуя скорпиона;1
Статуя улитки;1
Статуя кузнечика;1
Статуя мыши;1
Статуя утки;1
Статуя пингвина;1
Статуя лягушки;1
Статуя жучка;1
Лампа с логическим элементом (неисправная);1
Стойка с портальной пушкой;1
Сундук-ловушка;0
Золотой сундук-ловушка;0
Теневой сундук-ловушка;0
Сундук-ловушка из эбенового дерева;0
Сундук-ловушка из красного дерева;0
Сундук-ловушка из жемчужного дерева;0
Плющевой сундук-ловушка;0
Ледовый сундук-ловушка;0
Сундук-ловушка из живого дерева;0
Небесный сундук-ловушка;0
Сундук-ловушка из мрачного дерева;0
Поросший паутиной сундук-ловушка;0
Ящщеровый сундук-ловушка;0
Водный сундук-ловушка;0
Сундук-ловушка джунглей;0
Порченый сундук-ловушка;0
Багровый сундук-ловушка;0
Освящённый сундук-ловушка;0
Ледяной сундук-ловушка;0
Родовой сундук-ловушка;0
Медовый сундук-ловушка;0
Стимпанк-сундук-ловушка;0
Сундук-ловушка из пальмового дерева;0
Грибной сундук-ловушка;0
Сундук-ловушка из северного дерева;0
Слизневый сундук-ловушка;0
Зелёный сундук-ловушка темницы;0
Розовый сундук-ловушка темницы;0
Синий сундук-ловушка темницы;0
Костяной сундук-ловушка;0
Кактусовый сундук-ловушка;0
Сундук-ловушка из плоти;0
Обсидиановый сундук-ловушка;0
Тыквенный сундук-ловушка;0
Жуткий сундук-ловушка;0
Стеклянный сундук-ловушка;0
Марсианский сундук-ловушка;0
Метеоритный сундук-ловушка;0
Гранитный сундук-ловушка;0
Мраморный сундук-ловушка;0
Бирюзовая нажимная панель;1
Статуя стенолаза;1
Статуя единорога;1
Статуя стекателя;1
Статуя призрака;1
Статуя костяного скелета;1
Статуя зомби-викинга;1
Статуя Медузы;1
Статуя гарпии;1
Статуя свинокрыла;1
Статуя гоплита;1
Статуя гранитного голема;1
Статуя вооружённого зомби;1
Статуя кровавого зомби;1
Рыболовные снасти;3
Гейзер;0
Ультраяркий костёр;0
Костяной костёр;0
Пиксельная коробка;1
Жидкостный датчик (вода);0
Жидкостный датчик (лава);0
Жидкостный датчик (мёд);0
Жидкостный датчик (любой);0
Связка праздничных шариков;1
Надувной кролик;0
Праздничная шляпа;1
Цветок от костюма нелепого подсолнуха;0
Верх костюма нелепого подсолнуха;0
Низ костюма нелепого подсолнуха;0
Нелепый розовый шарик;0
Нелепый пурпурный шарик;0
Нелепый зелёный шарик;0
Синяя ленточка;1
Зелёная ленточка;1
Розовая ленточка;1
Машина для нелепых шариков;1
Нелепый розовый шарик на ниточке;0
Нелепый пурпурный шарик на ниточке;0
Нелепый зелёный шарик на ниточке;0
Свинокрыльята;3
Праздничная стойка;1
Связка нелепых шариков на ниточке;1
Праздничный подарок;0
Кусочек торта;0
Механическая стена;1
Стена с пескопадом;1
Стена со снегопадом;1
Блок-пескопад;0
Блок-снегопад;0
Снежное облако;2
Капюшон Pedguin'а;0
Фрак Pedguin'а;0
Штаны Pedguin'а;3
Стена из нелепого розового шарика;1
Стена из нелепого пурпурного шарика;1
Стена из нелепого зелёного шарика;1
Очки-авиаторы 0x33;3
Синяя лазерная сабля;1
Красная лазерная сабля;1
Зелёная лазерная сабля;1
Пурпурная лазерная сабля;1
Белая лазерная сабля;1
Жёлтая лазерная сабля;1
«Проклятие джинна»;2
Древний рог;0
Жваломеч;0
Древний наголовник;0
Древний нагрудник;0
Древние штаны;3
Запретная маска;1
Запретный нагрудник;0
Запретные ботинки;3
Призрачное пламя;2
Знамя песчаного элементаля;2
Карманное зеркало;2
Волшебная пипетка с песком;1
Запретный фрагмент;0
Хвост ламии;0
Обмотки ламии;3
Маска ламии;1
«Рассекатель небес»;0
Ониксовый бластер;0
Знамя песчаной акулы;2
Знамя костегрыза;2
Знамя расхитителя из плоти;2
Знамя кристального карателя;2
Знамя злобного перекати-поля;2
Древняя ткань;1
Лампа пустынного духа;1
Музыкальная шкатулка (Песчаная буря);1
Шляпа подмастерья;1
Мантия подмастерья;1
Штаны подмастерья;3
Большой шлем оруженосца;0
Нагрудник оруженосца;0
Ботинки оруженосца;3
Парик охотницы;0
Жилет охотницы;0
Штаны охотницы;3
Лысина и густые брови монаха;1
Накидка монаха;1
Штаны монаха;3
Шарф подмастерья;0
Щит оруженосца;0
Баклер охотницы;0
Пояс монаха;0
Кузня защитника;1
Военный стол;0
Знамя военного стола;2
Стойка для кристалла Этернии;1
Медаль защитника;1
Жезл огнеплюя;0
Трость огнеплюя;1
Посох огнеплюя;0
Элеметатель;0
Этерийская мана;1
Меч инферно;0
Жезл баллисты;0
Трость баллисты;1
Посох баллисты;0
«Парящий дракон»;0
Кристалл Этернии;0
Жезл ауры молний;0
Трость ауры молний;1
Посох ауры молний;0
Жезл взрывной ловушки;0
Трость взрывной ловушки;1
Посох взрывной ловушки;0
Сонный осьмижезл;0
Жуткая глефа;1
Знамя этерийского гоблина-бомбёра;2
Знамя этерийского гоблина;2
Знамя скелета Древних;2
Знамя дракина;2
Знамя кобольда-планёра;2
Знамя кобольда;2
Знамя зверя-иссушителя;2
Знамя этерийской виверны;2
Знамя этерийского копьеметателя;2
Знамя этерийского светлячка;2
Том бесконечной мудрости;0
Призрачный феникс;0
Яйцо гато;2
Ужасающее яйцо;2
Яйцо дракона;2
«Ярость небесного дракона»;1
«Гроза небес»;1
{$ItemName.SkeletronBossBag};0
Маска Бетси;1
Маска тёмного мага;1
Маска огра;1
Трофей Бетси;0
Трофей тёмного мага;0
Трофей огра;0
Музыкальная шкатулка (Армия Древних);1
«Гнев Бетси»;0
Шлем рыцаря Вальхаллы;0
Нагрудник рыцаря Вальхаллы;0
Ботинки рыцаря Вальхаллы;3
Шляпа тёмного мастера;1
Накидка тёмного мастера;1
Штаны тёмного мастера;3
Красный капюшон всадницы;0
Красное платье всадницы;2
Красные леггинсы всадницы;3
Шлем синоби-лазутчика;0
Нагрудник синоби-лазутчика;0
Штаны синоби-лазутчика;3
Крылья Бетси;3
Кристальный сундук;0
Роскошный сундук;0
Кристальный сундук-ловушка;0
Роскошный сундук-ловушка;0
Кристальная дверь;1
Кристальный стул;0
Кристальная свеча;1
Кристальный фонарь;0
Кристальная лампа;1
Кристальный подсвечник;0
Кристальная люстра;1
Кристальная ванна;1
Кристальная мойка;1
Кристальная кровать;1
Кристальные часы;3
Часы из солнечных плит;3
Синие часы темницы;3
Зелёные часы темницы;3
Розовые часы темницы;3
Кристальная платформа;1
Роскошная платформа;1
Родовая платформа;1
Ящщеровая платформа;1
Платформа из плоти;1
Ледяная платформа;1
Кристальный верстак;0
Роскошный верстак;0
Кристальный комод;0
Родовой комод;0
Ледяной комод;0
Комод из живого дерева;0
Кристальное пианино;2
Родовое пианино;2
Кристальный книжный шкаф;0
Кристальный диван;0
Родовой диван;0
Кристальный стол;0
Капюшон Arkhalis;0
Лиф Arkhalis;0
Ботинки Arkhalis;3
Крылышки Arkhalis;3
Защитник волос Leinfors'а;0
Вычурный стиль Leinfors'а;0
Обалденные штаны Leinfors'а;3
Цепкий плащ Leinfors'а;0
Роскошный шампунь Leinfors'а;0